哀川翔,10018
相葉雅紀,15751
青木崇高,13569
青柳翔,21367
明石家さんま,57422
赤楚衛二,24646
秋山竜次,14115
浅野忠信,17745
浅利陽介,12145
厚切りジェイソン,7661
あばれる君,5601
阿部サダヲ,13161
阿部寛,31600
天野ひろゆき,7802
綾野剛,23963
荒川良々,5833
荒木飛羽,2227
新田真剣佑,23916
有岡大貴,4111
有田哲平,12678
有吉弘行,60461
飯尾和樹,6693
井浦新,15521
生田斗真,17694
池松壮亮,6795
伊沢拓司,16384
石塚英彦,4538
石橋貴明,11991
石原良純,13607
石丸幹二,21434
伊集院光,14358
泉澤祐希,11713
磯村勇斗,31634
板尾創路,13783
板垣瑞生,4882
板垣李光人,48297
市川猿之助_(4代目),13921
市川染五郎_(8代目),5611
市川團十郎_(13代目),12707
一ノ瀬颯,12369
市原隼人,28981
市村正親,7865
IKKO,8839
井手上漠,10614
伊藤あさひ,35512
伊藤淳史,6943
伊藤英明,8453
稲垣吾郎,8956
稲葉友,16400
犬飼貴丈,33362
井上想良,2489
井上祐貴,52272
伊野尾慧,8661
井ノ原快彦,10150
井之脇海,15102
伊原剛志,4430
伊武雅刀,7321
今井翼,2897
今田耕司,25668
岩田剛典,20376
上田晋也,11984
ウエンツ瑛士,12592
宇梶剛士,11728
内野聖陽,70472
内村光良,16787
ウド鈴木,8003
梅沢富美男,7595
江口洋介,12648
柄本明,15880
柄本佑,25299
柄本時生,13688
遠藤憲一,15318
遠藤章造,9487
及川光博,13281
大泉洋,73638
大倉孝二,3049
大倉忠義,10011
大沢たかお,19118
太田光,9592
大谷翔平,569689
大谷亮平,13445
大橋和也,10098
大森南朋,14562
岡田圭右,6371
岡田准一,28544
岡田将生,11359
岡村隆史,18330
岡山天音,68642
奥田瑛二,19397
奥平大兼,5466
小栗旬,25605
小澤征悦,18945
織田裕二,15626
オダギリジョー,18603
音尾琢真,4549
尾上松也,88
香川照之,23522
柿澤勇人,15888
賀来賢人,44465
角田晃広,16582
筧利夫,2952
風間俊介,35312
笠松将,16686
梶原善,5257
春日俊彰,15746
カズレーザー,27863
加瀬亮,20300
片岡愛之助,352
片桐仁,5061
片寄涼太,16183
勝地涼,3934
勝俣州和,8271
勝村政信,5840
加藤浩次,16059
加藤清史郎,6288
加藤諒,9064
香取慎吾,10126
要潤,6513
金子大地,4118
金子ノブアキ,9896
川平慈英,5798
神尾楓珠,48281
上川隆也,14452
神木隆之介,51780
上地雄輔,16498
亀梨和也,56906
唐沢寿明,9176
河合郁人,19945
川島明,29616
神田正輝,80658
カンニング竹山,28815
菊池風磨,49586
岸優太,9171
岸谷五朗,5858
岸部一徳,8708
北大路欣也,12679
北村一輝,12889
北村匠海,42791
北村有起哉,14921
北山宏光,9586
吉川晃司,23032
木梨憲武,9703
木村昴,96546
木村拓哉,35582
桐谷健太,12535
桐山漣,8350
草刈正雄,99601
草彅剛,25127
くっきー!,16540
工藤阿須加,7638
國村隼,7130
窪田正孝,15326
黒羽麻璃央,8726
桑田佳祐,32268
劇団ひとり,13838
ケンドーコバヤシ,33677
小池徹平,10701
小泉孝太郎,27770
郷ひろみ,60850
高良健吾,12843
国分太一,4176
児嶋一哉,5530
小関裕太,14027
小瀧望,4907
小手伸也,10666
後藤輝基,13847
小峠英二,20767
小林薫,18370
小日向文世,13004
駒木根葵汰,24003
小宮浩信,3578
小宮璃央,4236
小籔千豊,13447
今野浩喜,6560
斎藤工,15284
堺正章,24296
堺雅人,43616
坂上忍,9272
坂口健太郎,19641
櫻井海音,43804
櫻井翔,18545
桜田通,5792
佐々木蔵之介,15489
笹野高史,4723
佐藤寛太,3860
佐藤浩市,12569
佐藤勝利,7723
佐藤二朗,11534
佐藤大樹,28
佐藤健,129
佐藤隆太,6341
佐野史郎,11822
佐野勇斗,22764
澤部佑,7858
沢村一樹,13944
サンシャイン池崎,9967
椎名桔平,20416
ジェシー_(アイドル),29891
重岡大毅,15995
志尊淳,93470
設楽統,8501
清水尋也,12584
春風亭昇太,8551
城島茂,4160
笑福亭鶴瓶,16451
白濱亜嵐,8024
城田優,53050
神宮寺勇太,4811
陣内孝則,5139
陣内智則,19021
須賀健太,11315
杉浦太陽,14236
杉野遥亮,16889
杉本哲太,3602
鈴鹿央士,23643
鈴木浩介,313
鈴木仁,12
鈴木伸之,13823
鈴木福,29399
鈴木亮平,152
菅田将暉,44261
駿河太郎,9823
関口メンディー,28522
関根勤,5830
瀬戸康史,14949
曽田陵介,8249
染谷将太,19805
反町隆史,24553
DAIGO,31051
醍醐虎汰朗,10805
髙嶋政伸,6203
髙嶋政宏,3941
高杉真宙,11586
高田純次,28320
高橋一生,23956
髙橋海人,104540
高橋克典,14437
高橋克実,5063
高橋茂雄,13884
高橋英樹,95
高橋文哉,52229
高橋光臣,14568
滝藤賢一,26581
武井壮,17065
竹内涼真,36575
武田鉄矢,15559
竹中直人,7310
竹野内豊,30189
舘ひろし,14454
田中圭,14991
田中卓志,16244
田中直樹,122
田中将大,70583
田中裕二,442
田中要次,5186
田辺誠一,3064
谷原章介,8913
玉木宏,24296
玉森裕太,6767
玉山鉄二,15268
田村淳,22905
タモリ,42541
知念侑李,6761
千葉雄大,21908
千原ジュニア,15499
塚地武雅,8266
塚本高史,6266
津田寛治,6223
津田健次郎,206627
土田晃之,7328
堤真一,13643
坪倉由幸,2028
妻夫木聡,14092
つるの剛士,12820
ディーン・フジオカ,14034
出川哲朗,20110
寺島進,7521
寺田心,78536
寺脇康文,9313
でんでん,4901
堂本光一,8340
堂本剛,11443
所ジョージ,25331
ØMI,9492
トータス松本,7976
戸塚純貴,13347
戸次重幸,11670
豊川悦司,12065
内藤剛志,32732
中井貴一,11877
中居正広,20031
中尾明慶,23334
中川大志,28
長嶋一茂,31485
中島健人,19846
中島裕翔,11347
永瀬正敏,6592
永瀬廉,22238
中田圭祐,781
仲野太賀,41621
中丸雄一,12225
中村勘九郎,270
中村獅童,230
中村俊介,7751
仲村トオル,14939
中村倫也,9393
中村雅俊,17586
永山瑛太,13274
永山絢斗,11118
中山秀征,11943
名倉潤,10610
生瀬勝久,6797
成田凌,12570
南原清隆,6675
錦織圭,7613
西島秀俊,68876
西田敏行,32867
西畑大吾,5551
西村まさ彦,5155
二宮和也,40869
温水洋一,3312
野間口徹,8577
野村周平,11825
野村萬斎,14347
バカリズム,41909
萩原利久,34130
はじめしゃちょー,14001
長谷川博己,16903
羽鳥慎一,33031
羽生結弦,50302
濱正悟,2341
濱田岳,10906
濱田龍臣,17745
浜田雅功,34412
浜野謙太,7129
林修,15753
林遣都,25329
速水もこみち,16995
原田泰造,8653
原田龍二,31328
はるな愛,11105
坂東龍汰,16831
HIKAKIN,55176
東野幸治,14100
東山紀之,34329
ビートたけし,76828
ビビる大木,3868
日村勇紀,13541
日向亘,47449
平泉成,4752
平岡祐太,6288
平野紫耀,29942
平山浩行,5224
ヒロミ,19382
吹越満,4197
福澤朗,3059
福士蒼汰,34856
福山雅治,107164
藤井隆,14045
藤井流星,8662
藤岡弘、,41401
藤ヶ谷太輔,4268
藤木直人,7089
藤森慎吾,8865
藤原大祐,5268
藤原竜也,11472
船越英一郎,9455
古川雄輝,9835
古川雄大,31700
古田新太,4877
古舘伊知郎,8191
別所哲也,4164
星野源,46435
細田佳央太,13792
堀内健,4417
本郷奏多,47006
毎熊克哉,75960
眞栄田郷敦,20006
前野朋哉,1996
マキタスポーツ,11299
眞島秀和,6973
又吉直樹,13635
町田啓太,38330
松岡修造,13338
松岡昌宏,8538
マツコ・デラックス,26118
松坂桃李,20621
松重豊,47242
松下洸平,71565
松田翔太,9695
松田龍平,6764
松平健,41784
松丸亮吾,12353
松村北斗,17956
松本幸四郎,2627
松本潤,23587
松本人志,136547
松山ケンイチ,21799
的場浩司,5305
間宮祥太朗,18094
丸山隆平,3021
三浦知良,27317
三浦翔平,8916
三浦貴大,14161
三浦友和,14773
水上恒司,631235
水沢林太郎,18282
水谷豊,40671
溝端淳平,16402
道枝駿佑,57602
光石研,10744
満島真之介,23438
峰竜太,7083
宮川大輔,64
三宅弘城,4587
三宅裕司,3372
宮沢氷魚,14182
宮世琉弥,35055
宮根誠司,8831
向井理,14714
向井康二,22346
六平直政,3345
村上信五,6719
村上虹郎,13180
ムロツヨシ,57835
恵俊彰,9316
目黒蓮,49787
望月歩,4175
本木雅弘,17507
森崎ウィン,40914
森山未來,11690
柳楽優弥,11551
役所広司,93997
薬丸裕英,9321
矢沢永吉,50834
八嶋智人,14123
安田顕,33094
安田章大,5820
柳沢慎吾,16561
柳葉敏郎,26221
矢部浩之,6546
山口智充,8710
山崎育三郎,34851
山﨑賢人,24084
山崎弘也,7886
山里亮太,13575
山下健二郎,14133
山下智久,33192
山田孝之,63240
山田裕貴,49487
山田涼介,25948
山中崇,5962
山本耕史,15094
矢本悠馬,15281
結木滉星,6882
ゆうたろう,392
ユースケ・サンタマリア,7684
横浜流星,27619
横山だいすけ,8980
横山裕,7671
吉岡秀隆,40369
吉沢亮,35213
吉田鋼太郎,13745
吉村崇,7674
ラウール_(アイドル),48632
竜星涼,12087
リリー・フランキー,27054
六角精児,15210
若林正恭,14930
渡辺いっけい,4333
渡邊圭祐,8768
渡辺謙,16955
渡辺大知,5029
渡部篤郎,78686
EXIT_(お笑いコンビ),8297
おぎやはぎ,23787
かまいたち_(お笑いコンビ),62366
さまぁ〜ず,14261
サンドウィッチマン_(お笑いコンビ),45641
JO1,252905
シソンヌ_(お笑いコンビ),13953
霜降り明星,45196
タカアンドトシ,20098
千鳥_(お笑いコンビ),57248
チョコレートプラネット,36313
ティモンディ,16976
ナイツ_(お笑いコンビ),27205
錦鯉_(お笑いコンビ),48214
ニューヨーク_(お笑いコンビ),67253
博多華丸・大吉,42423
ブラックマヨネーズ,7714
ぺこぱ,12606
ミキ_(お笑いコンビ),16445
見取り図_(お笑いコンビ),61903
ミルクボーイ,21674
四千頭身,19083
和牛_(お笑いコンビ),192354
相武紗季,17879
蒼井優,15066
葵わかな,9548
秋田汐梨,2146
秋元梢,3338
浅川梨奈,19284
浅田舞,28572
浅田真央,24843
浅田美代子,21493
浅野ゆう子,20295
朝日奈央,25509
朝比奈彩,29299
芦田愛菜,67044
麻生久美子,17259
麻生祐未,16585
安達祐実,59551
足立梨花,14310
天海祐希,28740
綾瀬はるか,50305
新井恵理那,9295
新垣結衣,42777
新木優子,71557
嵐莉菜,1831
有村架純,105255
杏,90
アンミカ,229143
安藤サクラ,67416
飯豊まりえ,16672
井川遥,39418
生田絵梨花,229193
池田エライザ,28893
井桁弘恵,96660
池田美優,13218
池間夏海,1094
池脇千鶴,5239
生駒里奈,15014
石井杏奈,274
石川恋,9644
石田ニコル,5960
石田ひかり,14043
石田ゆり子,28822
石野真子,16352
石橋静河,5752
石原さとみ,53046
泉里香,19384
磯野貴理子,27486
磯山さやか,39481
板谷由夏,13367
市川紗椰,24500
市川実日子,49465
市毛良枝,24309
いとうあさこ,19068
伊藤歩,13814
伊藤沙莉,23879
稲垣来泉,7132
稲森いずみ,11220
井上咲楽,69572
井上真央,18230
祷キララ,1489
伊原六花,124690
今田美桜,65100
IMALU,12629
芋生悠,9608
井本彩花,2463
イモトアヤコ,64261
井森美幸,7739
上戸彩,52920
上野樹里,35058
宇賀なつみ,51997
宇垣美里,19051
臼田あさ美,15626
宇多田ヒカル,39259
内田有紀,80614
内田理央,14600
内山理名,5594
榮倉奈々,25625
江口のりこ,76947
蛯原友里,8551
王林,36
大久保佳代子,27233
大坂なおみ,17200
大沢あかね,10430
大島美幸,5147
大島優子,13252
大竹しのぶ,27107
大塚寧々,6437
大友花恋,14851
大野いと,3057
大原櫻子,7266
大政絢,8349
岡崎紗絵,11534
岡副麻希,7237
岡田結実,13635
岡本夏美,4006
岡本玲,9410
小川紗良,2869
奥貫薫,9278
小倉優子,11401
押切もえ,5320
乙葉,32708
小野花梨,24024
おのののか,3567
尾野真千子,10085
皆藤愛子,25257
賀来千香子,14935
筧美和子,8395
柏木由紀,20966
片桐はいり,8290
かたせ梨乃,9104
片平なぎさ,10889
片山友希,9853
加藤小夏,4703
門脇麦,14640
夏帆,28013
上白石萌歌,46915
上白石萌音,66082
茅島みずき,5827
河合優実,8882
川栄李奈,40768
河北麻友子,9967
川口春奈,63454
川島海荷,25935
川津明日香,2814
貫地谷しほり,9629
菅野美穂,28205
菅野莉央,19302
菊池桃子,19955
岸井ゆきの,52889
貴島明日香,31326
岸本加世子,4224
北川景子,70936
北乃きい,23964
吉瀬美智子,75047
木南晴夏,102976
木村カエラ,18026
木村多江,16887
木村文乃,19785
キムラ緑子,6646
木村佳乃,50550
きゃりーぱみゅぱみゅ,21566
清原果耶,24507
桐谷美玲,20750
草刈民代,3597
工藤美桜,43027
国仲涼子,19101
久保田紗友,8540
久間田琳加,16796
倉科カナ,36142
栗山千明,16152
黒木華,53188
黒木瞳,60323
黒沢かずこ,2097
黒島結菜,15297
黒谷友香,16675
小池栄子,39950
Cocomi,8173
小芝風花,85563
小嶋陽菜,9967
小西桜子,8245
小西真奈美,8003
小林聡美,15335
小松菜奈,21227
小雪,128
近藤春菜,13409
紺野彩夏,6875
紺野まひる,3083
紺野美沙子,2868
財前直見,13323
齋藤飛鳥,25272
斉藤由貴,23546
紗栄子,10218
坂井真紀,5994
酒井美紀,16966
酒井若菜,21794
榊原郁恵,6906
坂下千里子,7296
坂ノ上茜,10124
佐久間由衣,12984
桜井日奈子,38203
桜井ユキ,17946
桜田ひより,72057
桜庭ななみ,12280
佐々木希,20616
指原莉乃,20289
佐藤栞里,19231
佐野ひなこ,5238
沢口靖子,13687
SHELLY,7350
シシド・カフカ,7485
志田彩良,54301
志田未来,21468
篠原涼子,20967
柴咲コウ,53436
柴田理恵,8862
渋谷凪咲,40007
島崎遥香,18861
島崎和歌子,13347
清水ミチコ,5203
趣里,214772
白石聖,51055
白石麻衣,18576
白石美帆,5181
新川優愛,14753
杉咲花,61464
杉本彩,7067
鈴木京香,11436
鈴木砂羽,6137
鈴木奈々,15652
鈴木保奈美,10918
鈴木ゆうか,5807
鈴木梨央,29364
須藤理彩,10862
鷲見玲奈,40824
清野菜名,22748
関水渚,15082
瀬戸朝香,9880
染野有来,1328
大地真央,15866
平祐奈,7310
高岡早紀,100108
高島彩,13222
高嶋ちさ子,47027
高島礼子,10056
高梨臨,20553
高橋惠子,8801
髙橋ひかる,20389
高橋ひとみ,10272
高橋真麻,6349
高橋みなみ,8171
高橋メアリージュン,27084
高畑淳子,11942
高畑充希,23707
瀧内公美,50042
滝川クリステル,16646
滝沢カレン,63310
瀧本美織,11967
竹下景子,7066
武田梨奈,9270
武田玲奈,12373
田中美佐子,12405
田中道子,19337
田中みな実,100354
田中律子,9119
田中麗奈,72356
田辺桃子,11394
田鍋梨々花,1913
谷まりあ,41116
多部未華子,45640
玉城ティナ,6247
ダレノガレ明美,12354
檀れい,68783
壇蜜,25137
千秋,131
知花くらら,3996
土村芳,9192
土屋アンナ,20573
土屋太鳳,30573
恒松祐里,16892
椿鬼奴,5589
鶴田真由,8988
出口夏希,108115
寺島しのぶ,19662
當真あみ,18161
常盤貴子,25542
徳永えり,6629
戸田恵梨香,21708
戸田恵子,23561
戸田菜穂,13091
富田望生,93273
富田靖子,5358
ともさかりえ,13827
友近,11767
豊嶋花,31199
トラウデン直美,24349
トリンドル玲奈,7737
なえなの,16875
奈緒,22511
仲里依紗,75275
長井短,4913
中川翔子,15037
中越典子,11370
永作博美,8853
長澤樹,5780
長澤まさみ,56419
中島セナ,2421
中条あやみ,53825
中谷美紀,19929
永野芽郁,44250
長濱ねる,20768
仲間由紀恵,21399
中村アン,20743
中村静香,11516
中村ゆり,23327
中村ゆりか,13085
中山美穂,20865
夏川結衣,7830
夏木マリ,16314
夏子,1907
夏菜,8863
名取裕子,8874
菜々緒,42063
成海璃子,6006
二階堂ふみ,50238
西田尚美,10267
西野七瀬,35325
仁村紗和,29329
生見愛瑠,103081
萩原みのり,127615
橋本愛,508
橋本環奈,97433
橋本マナミ,8965
長谷川京子,9043
羽田美智子,13102
畑芽育,24730
馬場ふみか,15670
濱田マリ,4975
浜辺美波,143194
早見あかり,13103
原沙知絵,6337
原菜乃華,100997
原日出子,3707
原田知世,14203
原田美枝子,5252
波瑠,16808
比嘉愛未,11574
樋口可南子,14298
ヒコロヒー,57741
久本雅美,8388
平岩紙,7315
平子理沙,8462
平手友梨奈,71410
広末涼子,18872
広瀬アリス,66943
広瀬すず,38996
ファーストサマーウイカ,66490
笛木優子,14752
深川麻衣,7564
深田恭子,39329
深津絵里,25524
吹石一恵,54578
福地桃子,8587
福原遥,72381
福本莉子,26974
藤田ニコル,23051
藤田弓子,1422
藤野涼子,2741
藤間爽子,4630
藤本美貴,41795
藤原さくら,7719
藤原紀香,133254
風吹ジュン,30816
古川琴音,74411
古畑星夏,8690
フワちゃん,22136
ベッキー,27996
辺見えみり,7339
北斗晶,5795
堀田茜,16207
堀田真由,65869
ホラン千秋,45254
堀内敬子,44413
本上まなみ,18466
本田翼,21490
本田望結,38003
前田敦子,11062
マギー_(モデル),8327
真木よう子,10594
蒔田彩珠,7181
マーシュ彩,13301
益若つばさ,13604
松たか子,16728
松井愛莉,5597
松井玲奈,22178
松岡茉優,25949
松風理咲,1774
松坂慶子,12372
松下奈緒,44733
松下由樹,23830
松嶋菜々子,23266
松嶋尚美,4658
松島花,13148
松田聖子,47758
松田るか,14491
松本伊代,7752
松本穂香,67583
松本まりか,35914
松本若菜,110176
松雪泰子,6674
真飛聖,19126
眞鍋かをり,9794
真矢ミキ,8349
丸山桂里奈,11629
萬田久子,6144
萬波ユカ,615
三浦透子,13032
見上愛,34748
水川あさみ,25176
水谷果穂,5341
水野真紀,31667
水野美紀,14348
水原希子,5864
光浦靖子,5488
観月ありさ,10583
満島ひかり,39694
三戸なつめ,2299
南果歩,6628
南沙良,14190
南沢奈央,23891
南野陽子,24825
美村里江,12773
宮﨑あおい,22566
宮崎美子,9599
宮澤エマ,70692
宮沢りえ,18144
宮本信子,4114
宮本茉由,5034
宮脇咲良,96562
三吉彩花,14694
村上佳菜子,18116
村上知子,1345
室井滋,4683
MEGUMI,27316
本仮屋ユイカ,16516
桃井かおり,9416
百田夏菜子,11438
森泉,4498
森絵梨佳,2688
森七菜,16762
森星,2483
森尾由美,16175
森川葵,61428
森口瑤子,9353
森田想,901
森田望智,7429
森高千里,26247
八木莉可子,36404
薬師丸ひろ子,96735
安めぐみ,8591
安田成美,8186
安田美沙子,5356
矢田亜希子,17000
箭内夢菜,23873
柳ゆり菜,5626
柳原可奈子,8030
矢作穂香,8220
山口紗弥加,9762
山口智子,11863
山口まゆ,73
山口もえ,10257
山崎静代,3032
山崎紘菜,7564
山下美月,37696
山田杏奈,77617
山田真歩,6386
山田優,44
山之内すず,28934
山本千尋,30373
山本舞香,33649
山本美月,11752
YOU_(タレント),22669
優香,15164
優木まおみ,28451
古川優奈,43329
ゆりやんレトリィバァ,18899
余貴美子,9395
横澤夏子,15772
横田真悠,11343
吉岡里帆,52356
吉川愛,38573
吉田美月喜,692
吉田羊,12432
吉田莉桜,726
吉高由里子,64601
吉谷彩子,22354
吉永小百合,18524
芳根京子,38518
与田祐希,12389
米倉涼子,17851
米倉れいあ,6352
RIKACO,15361
莉子,54
りょう,54
遼河はるひ,11338
LiLiCo,10291
蓮佛美沙子,21206
ローラ_(モデル),9666
若月佑美,8900
若村麻由美,22925
和久井映見,17924
和田アキ子,36048
渡辺えり,4688
渡辺直美,15584
渡辺真起子,3731
渡辺満里奈,7850
阿佐ヶ谷姉妹,33644
ガンバレルーヤ,23776
3時のヒロイン,33604
ぼる塾,87141