哀川翔,18.6,90.8
相葉雅紀,43.9,94.7
青木崇高,10.4,52.2
青柳翔,2.1,12
明石家さんま,46.5,97.7
赤楚衛二,16.5,36.6
秋山竜次,32.7,91.9
浅野忠信,20.2,80.9
浅利陽介,15.4,72.2
厚切りジェイソン,19.5,89.6
あばれる君,22.7,93.8
阿部サダヲ,35.2,91.3
阿部寛,55.2,96.3
天野ひろゆき,15.8,90.6
綾野剛,23.2,88.7
荒川良々,13.5,75.6
荒木飛羽,1.9,7.6
新田真剣佑,17,74.7
有岡大貴,9.9,57.3
有田哲平,32.4,95.9
有吉弘行,39.5,98.8
飯尾和樹,39.6,92
井浦新,21.2,58.6
生田斗真,31.5,84.8
池松壮亮,8.3,52.2
伊沢拓司,13.1,75
石塚英彦,26.9,93.5
石橋貴明,18.1,92.2
石原良純,17,93.3
石丸幹二,11,61.9
伊集院光,16.3,90.6
泉澤祐希,2.1,20.7
磯村勇斗,15.8,49.9
板尾創路,12.6,83.5
板垣瑞生,1.9,7.8
板垣李光人,5,20.5
市川猿之助_(4代目),11,80.4
市川染五郎_(8代目),3.9,43.9
市川團十郎_(13代目),11.7,86.9
一ノ瀬颯,0.7,9.4
市原隼人,24.1,84.2
市村正親,15.6,86.9
IKKO,28.8,97.5
井手上漠,1.4,15.8
伊藤あさひ,0.4,6
伊藤淳史,21.8,85.8
伊藤英明,25.3,86.5
稲垣吾郎,15.4,91.3
稲葉友,2.1,17.9
犬飼貴丈,5,22.8
井上想良,0.9,5
井上祐貴,0.4,3.4
伊野尾慧,11.3,68.7
井ノ原快彦,27.8,89.6
井之脇海,6.7,39.3
伊原剛志,13.5,70.8
伊武雅刀,17,83.2
今井翼,7.4,68.7
今田耕司,26,95.4
岩田剛典,18.2,68
上田晋也,28.3,92.9
ウエンツ瑛士,16.5,94.2
宇梶剛士,14.9,81.1
内野聖陽,19.5,65
内村光良,46,96.1
ウド鈴木,16.1,91.9
梅沢富美男,18.6,95.8
江口洋介,31.5,89.7
柄本明,23.9,87.1
柄本佑,20.9,77.5
柄本時生,13.3,78.8
遠藤憲一,39.1,91.5
遠藤章造,9.7,82.5
及川光博,26.9,89.9
大泉洋,52.2,95.6
大倉孝二,9.6,61.1
大倉忠義,11.5,65.5
大沢たかお,23.4,83.2
太田光,13.5,92
大谷翔平,55.8,97
大谷亮平,13.3,69.7
大橋和也,13.1,50.1
大森南朋,17.5,75.9
岡田圭右,10.4,85.5
岡田准一,40.9,93.1
岡田将生,21.4,78.6
岡村隆史,29.2,96.1
岡山天音,6.4,48.1
奥田瑛二,6.7,65.1
奥平大兼,0.5,8.1
小栗旬,40.9,93.6
小澤征悦,12.6,79.6
織田裕二,20.9,89.2
オダギリジョー,26.5,88.1
音尾琢真,3,19.6
尾上松也,12.9,76.6
香川照之,21.2,92.4
柿澤勇人,1.8,19.5
賀来賢人,35.2,85.1
角田晃広,22.3,74.2
筧利夫,14.7,78.2
風間俊介,31,87.6
笠松将,2.7,27.3
梶原善,8.5,54.7
春日俊彰,23.9,96.6
カズレーザー,34,96.8
加瀬亮,10.3,59.3
片岡愛之助,11.9,85.1
片桐仁,11.9,72
片寄涼太,4.8,46
勝地涼,7.1,78.2
勝俣州和,12.2,87.1
勝村政信,13.6,80.2
加藤浩次,21.6,92.7
加藤清史郎,9.9,74.5
加藤諒,12.7,87.8
香取慎吾,25,95.9
要潤,16.8,86
金子大地,1.2,12.9
金子ノブアキ,6.7,43.7
川平慈英,14.5,88.3
神尾楓珠,7.3,37.5
上川隆也,17.3,73.1
神木隆之介,32.9,88.3
上地雄輔,10.8,87.4
亀梨和也,19.1,92.6
唐沢寿明,31.2,87.3
河合郁人,15.8,65
川島明,28.1,87.3
神田正輝,6.7,77.3
カンニング竹山,16.3,94.3
菊池風磨,25,68.1
岸優太,21.4,64.6
岸谷五朗,13.6,76.5
岸部一徳,22.1,88.1
北大路欣也,26.4,90.1
北村一輝,25.8,85.8
北村匠海,24.8,74
北村有起哉,7.1,48.8
北山宏光,5.1,60.2
吉川晃司,20,79.6
木梨憲武,27.3,93.3
木村昴,17.3,67.8
木村拓哉,34.2,98.2
桐谷健太,25.8,90.1
桐山漣,4.6,28.3
草刈正雄,25.1,88.7
草彅剛,24.4,94.3
くっきー!,18.6,89
工藤阿須加,12.4,63.7
國村隼,16.6,81.9
窪田正孝,21.2,80
黒羽麻璃央,1.1,10.8
桑田佳祐,45.3,92.9
劇団ひとり,26.9,94
ケンドーコバヤシ,23,91.9
小池徹平,15,86.9
小泉孝太郎,20.9,92.4
郷ひろみ,17.5,93.5
高良健吾,10.6,54
国分太一,22.3,94
児嶋一哉,26.9,90.8
小関裕太,5,37.2
小瀧望,4.6,25.1
小手伸也,13.5,74.5
後藤輝基,21.9,90.1
小峠英二,34.2,95.4
小林薫,16.5,74
小日向文世,33.1,89.6
駒木根葵汰,0.4,3.4
小宮浩信,10.6,75.9
小宮璃央,1.2,8.8
小籔千豊,12.7,88
今野浩喜,7.6,71
斎藤工,27.8,89
堺正章,15.2,92.9
堺雅人,31,89.9
坂上忍,10.8,95
坂口健太郎,25.8,81.2
櫻井海音,1.4,12
櫻井翔,36.1,96.5
桜田通,1.6,11.5
佐々木蔵之介,23.9,85.1
笹野高史,24.4,89
佐藤寛太,0.5,11.3
佐藤浩市,25.1,86.4
佐藤勝利,10.6,51.3
佐藤二朗,33.6,86.9
佐藤大樹,1.2,13.6
佐藤健,37.9,86.9
佐藤隆太,24.1,89.6
佐野史郎,10.8,85.8
佐野勇斗,8.5,35.8
澤部佑,27.1,93.5
沢村一樹,27.1,86.7
サンシャイン池崎,21.4,91.5
椎名桔平,22.1,83.7
ジェシー_(アイドル),12,58.1
重岡大毅,8.1,49.9
志尊淳,17.3,69.7
設楽統,35.2,93.3
清水尋也,1.4,19.3
春風亭昇太,16.1,88.5
城島茂,25.1,94.2
笑福亭鶴瓶,30.4,96.5
白濱亜嵐,6.4,51.9
城田優,12.6,83.9
神宮寺勇太,7.3,46.7
陣内孝則,15.9,86
陣内智則,19.3,93.6
須賀健太,5.5,51
杉浦太陽,6.2,80.5
杉野遥亮,14.2,43
杉本哲太,13.5,82.8
鈴鹿央士,11.5,47.4
鈴木浩介,11.7,66
鈴木仁,1.9,8.8
鈴木伸之,11,40.5
鈴木福,23.9,88.8
鈴木亮平,39.6,89.2
菅田将暉,36.6,92.7
駿河太郎,6.5,51
関口メンディー,16.3,81.6
関根勤,24.4,92.6
瀬戸康史,15.2,66
曽田陵介,2.1,6.9
染谷将太,7.3,61.2
反町隆史,28,89.6
DAIGO,29.6,95
醍醐虎汰朗,0.4,7.1
髙嶋政伸,9,86.9
髙嶋政宏,7.8,81.4
高杉真宙,11.7,46
高田純次,34,90.4
高橋一生,26.4,89.2
髙橋海人,15.4,58.6
高橋克典,23,87.4
高橋克実,25.3,90.1
高橋茂雄,25.3,92.4
高橋英樹,17.7,89.9
高橋文哉,10.8,24.6
高橋光臣,4.8,21.8
滝藤賢一,23.2,82.8
武井壮,13.1,91.9
竹内涼真,24.1,88.7
武田鉄矢,15.9,94.2
竹中直人,28,89.2
竹野内豊,37.9,88.7
舘ひろし,23,89.4
田中圭,24.1,89
田中卓志,23.7,95.2
田中直樹,19.6,92.9
田中将大,18.4,88.5
田中裕二,15,93.6
田中要次,14.2,85.8
田辺誠一,10.8,72.6
谷原章介,15.2,84.2
玉木宏,32,90.3
玉森裕太,15.6,75.6
玉山鉄二,11,67.6
田村淳,17.5,93.5
タモリ,40,96.6
知念侑李,8.1,65.5
千葉雄大,15.8,75.2
千原ジュニア,17.9,93.8
塚地武雅,21.1,90.8
塚本高史,7.6,66.2
津田寛治,7.1,55.4
津田健次郎,11.9,35.2
土田晃之,14.7,90.4
堤真一,37.3,91
坪倉由幸,5,69
妻夫木聡,33.8,90.1
つるの剛士,10.8,91
ディーン・フジオカ,22.1,86.9
出川哲朗,43,97.7
寺島進,20.9,84.1
寺田心,12.9,85.7
寺脇康文,19.6,80.7
でんでん,8.3,63.7
堂本光一,21.4,89.7
堂本剛,22.1,89
所ジョージ,41.4,96.6
ØMI,6.5,52.6
トータス松本,14.2,77.3
戸塚純貴,2.3,19.6
戸次重幸,10.3,51
豊川悦司,19.5,81.8
内藤剛志,19.3,85.5
中井貴一,27.1,87.6
中居正広,32.9,97.2
中尾明慶,16.5,80.7
中川大志,21.1,71.3
長嶋一茂,14.9,94.2
中島健人,18.8,76.8
中島裕翔,13.1,57.3
永瀬正敏,6.7,62.7
永瀬廉,17.9,66.4
中田圭祐,1.1,6.9
仲野太賀,20,53.1
中丸雄一,23,84.4
中村勘九郎,7.8,80.2
中村獅童,10.1,89.6
中村俊介,5.8,65.1
仲村トオル,23,85.1
中村倫也,26,80.9
中村雅俊,17.3,82.8
永山瑛太,18.1,72.7
永山絢斗,8.5,49.4
中山秀征,12.9,91.9
名倉潤,17.3,91.7
生瀬勝久,24.2,84.4
成田凌,12.7,61.2
南原清隆,14.7,92
錦織圭,16.5,92.4
西島秀俊,41.4,86.2
西田敏行,31.9,92
西畑大吾,6.2,38.4
西村まさ彦,15.9,75.9
二宮和也,35.2,96.3
温水洋一,18.2,88.5
野間口徹,13.1,74.9
野村周平,6.4,57.9
野村萬斎,16.1,82.5
バカリズム,34.2,92.4
萩原利久,1.2,13.3
はじめしゃちょー,7.8,64.1
長谷川博己,15.2,69.6
羽鳥慎一,25.1,90.6
羽生結弦,31.5,95.8
濱正悟,0.4,4.6
濱田岳,29.7,87.4
濱田龍臣,5.8,50.8
浜田雅功,35.9,98.4
浜野謙太,7.1,49
林修,16.1,94.3
林遣都,12.4,71
速水もこみち,13.6,92.9
原田泰造,33.5,94.7
原田龍二,8,76.5
はるな愛,12.2,93.8
坂東龍汰,2.5,11.7
HIKAKIN,14.5,87.4
東野幸治,15.9,96.3
東山紀之,18.9,92.2
ビートたけし,25.8,96.8
ビビる大木,10.6,89
日村勇紀,38.8,96.6
日向亘,1.1,5.3
平泉成,15.9,85
平岡祐太,6,45.3
平野紫耀,34.5,76.3
平山浩行,7.1,46.7
ヒロミ,26,95.8
吹越満,6.5,59.1
福澤朗,10.3,86.5
福士蒼汰,24.6,85.3
福山雅治,38.1,95
藤井隆,20.5,82.3
藤井流星,5.3,40.7
藤岡弘、,17.2,88.1
藤ヶ谷太輔,13.1,73.3
藤木直人,21.1,81.6
藤森慎吾,14.3,87.4
藤原大祐,0.9,5.1
藤原竜也,29.9,93.8
船越英一郎,10.1,89
古川雄輝,2.5,23
古川雄大,3.7,17.5
古田新太,23.4,88.3
古舘伊知郎,9.6,86.4
別所哲也,8.3,75.2
星野源,29.9,94.2
細田佳央太,4.2,20.2
堀内健,17.5,90.8
本郷奏多,7.6,47.6
毎熊克哉,1.9,13.1
眞栄田郷敦,14,58.2
前野朋哉,4.1,43.7
マキタスポーツ,6.5,53.6
眞島秀和,7.6,43
又吉直樹,19.6,94.7
町田啓太,14.3,45.7
松岡修造,27.3,94
松岡昌宏,23.5,93.8
マツコ・デラックス,51,98.9
松坂桃李,34.2,92.6
松重豊,40.5,89.4
松下洸平,17.2,57.5
松田翔太,19.3,85.1
松田龍平,14.5,84.1
松平健,17.2,90.4
松丸亮吾,13.3,80.7
松村北斗,13.1,36.8
松本幸四郎,8.7,79.6
松本潤,32.2,95
松本人志,41.8,98.9
松山ケンイチ,22.5,91.3
的場浩司,12.6,88.5
間宮祥太朗,18.1,67.8
丸山隆平,11.3,61.1
三浦知良,22.7,90.4
三浦翔平,13.3,66.5
三浦貴大,4.2,44.4
三浦友和,19.3,82.3
水上恒司,5.1,19.5
水沢林太郎,0.4,3.4
水谷豊,29.6,90.1
溝端淳平,11.9,76.8
道枝駿佑,13.3,51.5
光石研,11.2,53.6
満島真之介,16.1,73.5
峰竜太,5.1,81.8
宮川大輔,31.2,95.2
三宅弘城,5.3,41.8
三宅裕司,13.5,84.6
宮沢氷魚,10.1,46.9
宮世琉弥,2.7,16.3
宮根誠司,5.5,89.6
向井理,24.4,90.1
向井康二,7.4,34.9
六平直政,9,62.1
村上信五,25.1,87.4
村上虹郎,8.3,41.8
ムロツヨシ,46.7,92.9
恵俊彰,9.9,86.7
目黒蓮,24.6,65.3
望月歩,0.7,9.6
本木雅弘,21.4,82.7
森崎ウィン,6,39.3
森山未來,11.2,69.7
柳楽優弥,21.4,72.4
役所広司,28.5,87.6
薬丸裕英,7.8,88.1
矢沢永吉,18.4,92.2
八嶋智人,23,83.5
安田顕,32.4,81.9
安田章大,6.5,54.9
柳沢慎吾,28,91.7
柳葉敏郎,24.1,88.8
矢部浩之,19.1,95
山口智充,25.3,89.7
山崎育三郎,20.7,73.1
山﨑賢人,26.5,81.4
山崎弘也,33.8,91.5
山里亮太,26.7,94.2
山下健二郎,10.6,53.6
山下智久,28.1,89.6
山田孝之,35.9,90.8
山田裕貴,24.1,69
山田涼介,20.2,81.6
山中崇,5,41.8
山本耕史,20,84.6
矢本悠馬,7.6,41.6
結木滉星,1.1,9.4
ゆうたろう,2.1,11.3
ユースケ・サンタマリア,17.2,89.2
横浜流星,27.1,82.1
横山だいすけ,15.6,55.6
横山裕,12.9,75
吉岡秀隆,15.2,75.6
吉沢亮,30.4,77.2
吉田鋼太郎,25.8,87.4
吉村崇,17.2,83
ラウール_(アイドル),10.6,55.8
竜星涼,8.1,35.8
リリー・フランキー,16.6,82.7
六角精児,21.9,85.8
若林正恭,33.1,90.1
渡辺いっけい,13.8,76.8
渡邊圭祐,4.2,22.8
渡辺謙,23.4,89.7
渡辺大知,2.3,18.4
渡部篤郎,22.7,83.9
EXIT_(お笑いコンビ),30.8,87.4
おぎやはぎ,27.1,93.1
かまいたち_(お笑いコンビ),37.3,92.6
さまぁ〜ず,33.1,94.3
サンドウィッチマン_(お笑いコンビ),67.4,98.1
JO1,4.1,40
シソンヌ_(お笑いコンビ),23.5,66.5
霜降り明星,22.7,86.7
タカアンドトシ,39.1,94.7
千鳥_(お笑いコンビ),51.5,95.4
チョコレートプラネット,40.9,90.1
ティモンディ,19.1,80.5
ナイツ_(お笑いコンビ),34.5,88.5
錦鯉_(お笑いコンビ),20.2,90.1
ニューヨーク_(お笑いコンビ),8.8,63
博多華丸・大吉,46.5,94.2
ブラックマヨネーズ,22.1,90.6
ぺこぱ,21.1,89.6
ミキ_(お笑いコンビ),17,81.4
見取り図_(お笑いコンビ),14.5,70.6
ミルクボーイ,14.9,82.5
四千頭身,17,78.1
和牛_(お笑いコンビ),13.8,73.3
相武紗季,16.8,77
蒼井優,26.4,88
葵わかな,6,47.6
秋田汐梨,0.7,2.7
秋元梢,2.8,46.9
浅川梨奈,1.4,5.3
浅田舞,12.7,80.7
浅田真央,34.7,97.3
浅田美代子,11.5,69.9
浅野ゆう子,14.9,79.3
朝日奈央,25.1,72.9
朝比奈彩,5.3,26.5
芦田愛菜,45.8,95.4
麻生久美子,18.8,65.8
麻生祐未,8.8,40.5
安達祐実,23.2,86.7
足立梨花,14.7,69.9
天海祐希,50.4,91
綾瀬はるか,58.1,95.9
新井恵理那,13.3,46.5
新垣結衣,52,92.9
新木優子,21.4,64.2
嵐莉菜,0.5,2.8
有村架純,41.1,88.7
杏,35.9,90.8
アンミカ,27.8,93.1
安藤サクラ,25.3,73.8
飯豊まりえ,12.2,46.4
井川遥,24.8,75.8
生田絵梨花,15.6,56.3
池田エライザ,17.5,66.4
井桁弘恵,5.8,26.2
池田美優,21.1,87.4
池間夏海,0.7,3.2
池脇千鶴,9.9,51.2
生駒里奈,6.2,54.3
石井杏奈,6.4,27.4
石川恋,1.6,13.3
石田ニコル,2.5,29
石田ひかり,10.8,68
石田ゆり子,40.7,80.2
石野真子,11,68.8
石橋静河,6,28.5
石原さとみ,38.1,92.4
泉里香,7.6,31.3
磯野貴理子,14.7,85.7
磯山さやか,15.4,68.8
板谷由夏,8.1,39.3
市川紗椰,8,41.2
市川実日子,15.6,51.9
市毛良枝,11.7,60
いとうあさこ,36.1,94.9
伊藤歩,2.5,13.8
伊藤沙莉,26.9,61.6
稲垣来泉,4.2,11.7
稲森いずみ,14.9,63.9
井上咲楽,11.5,73.8
井上真央,26.9,76.8
祷キララ,0,1.1
伊原六花,5.1,30.3
今田美桜,28,65.5
IMALU,5.5,77.7
芋生悠,0.7,3.2
井本彩花,0,3.9
イモトアヤコ,36.5,97.5
井森美幸,23.2,85.8
上戸彩,34.3,93.1
上野樹里,27.4,77.2
宇賀なつみ,5.3,40.7
宇垣美里,6.2,31
臼田あさ美,3.5,29
宇多田ヒカル,39.5,94.9
内田有紀,31.3,79.6
内田理央,6.7,40.2
内山理名,9.9,59.3
榮倉奈々,29.7,81.1
江口のりこ,23.7,71.7
蛯原友里,8.3,71.3
王林,24.2,73.8
大久保佳代子,32.4,93.3
大坂なおみ,16.5,96.8
大沢あかね,11.3,77.7
大島美幸,27.6,94.9
大島優子,18.9,89
大竹しのぶ,21.6,90.3
大塚寧々,18.2,69.7
大友花恋,1.8,22.5
大野いと,1.8,14
大原櫻子,4.2,42.8
大政絢,10.6,55.4
岡崎紗絵,5.1,14.7
岡副麻希,5.3,38.2
岡田結実,13.1,73.3
岡本夏美,0.9,5.1
岡本玲,2.8,31.3
小川紗良,0.2,3
奥貫薫,6.4,31.7
小倉優子,9.9,83.9
押切もえ,4.8,76.3
乙葉,14.3,66
小野花梨,2.1,7.4
おのののか,5.7,74.7
尾野真千子,15.9,64.8
皆藤愛子,10.8,58.9
賀来千香子,13.3,64.8
筧美和子,7.6,53.3
柏木由紀,6.7,75.2
片桐はいり,18.8,81.4
かたせ梨乃,18.1,76.3
片平なぎさ,16.3,72.7
片山友希,0,1.9
加藤小夏,0.2,1.1
門脇麦,15.6,64.2
夏帆,19.3,66
上白石萌歌,16.5,78.1
上白石萌音,22.7,82.8
茅島みずき,0.4,3.7
河合優実,0.2,0.9
川栄李奈,18.8,71.2
河北麻友子,15.4,75.2
川口春奈,35.2,79.3
川島海荷,7.4,55.6
川津明日香,0.4,3
貫地谷しほり,15.2,68
菅野美穂,29.6,82.7
菅野莉央,0,2.3
菊池桃子,12.9,72.6
岸井ゆきの,11,33.8
貴島明日香,11,42.7
岸本加世子,11,65.1
北川景子,45.3,91.5
北乃きい,9.9,74.2
吉瀬美智子,24.8,75.8
木南晴夏,16.8,53.1
木村カエラ,13.8,82.5
木村多江,24.8,81.4
木村文乃,23.7,71.3
キムラ緑子,12.7,53.5
木村佳乃,28.5,74.7
きゃりーぱみゅぱみゅ,15.6,93.3
清原果耶,18.8,51.5
桐谷美玲,20.9,80
草刈民代,10.6,68.5
工藤美桜,1.8,9.7
国仲涼子,13.1,62.7
久保田紗友,1.9,9.4
久間田琳加,3.2,11.5
倉科カナ,16.5,67.3
栗山千明,16.3,71.9
黒木華,23.4,72.2
黒木瞳,17.5,82.7
黒沢かずこ,25.1,92.9
黒島結菜,9,45.1
黒谷友香,6.7,59.1
小池栄子,42.7,91
Cocomi,6.2,62.7
小芝風花,18.2,57.2
小嶋陽菜,8.7,63.7
小西桜子,0.5,2.3
小西真奈美,17.9,71.7
小林聡美,17.2,64.2
小松菜奈,20.9,67.8
小雪,13.1,82.5
近藤春菜,30.8,97
紺野彩夏,1.1,5.5
紺野まひる,2.1,27.8
紺野美沙子,6.7,55.6
財前直見,12,66.7
齋藤飛鳥,10.8,58.4
斉藤由貴,11.3,76.6
紗栄子,6.4,67.8
坂井真紀,11.2,62.1
酒井美紀,6.5,57.5
酒井若菜,5.7,40.2
榊原郁恵,23.4,83.4
坂下千里子,11.5,74.3
坂ノ上茜,0.4,2.7
佐久間由衣,6.7,34.7
桜井日奈子,8.1,46.4
桜井ユキ,9,31.2
桜田ひより,7.4,23.4
桜庭ななみ,2.8,36.1
佐々木希,20.7,80.4
指原莉乃,25.3,91.5
佐藤栞里,32.7,75.9
佐野ひなこ,3.5,28.8
沢口靖子,21.2,80.2
SHELLY,18.8,80.2
シシド・カフカ,11.3,60.4
志田彩良,1.9,7.8
志田未来,17.7,72.4
篠原涼子,23.5,90.8
柴咲コウ,31.3,89
柴田理恵,22.3,95.8
渋谷凪咲,12.6,41.6
島崎遥香,5,50.1
島崎和歌子,18.1,80.9
清水ミチコ,21.1,82.8
趣里,10.1,38.9
白石聖,1.9,9.6
白石麻衣,18.1,72.6
白石美帆,10.4,63.9
新川優愛,7.8,46.2
杉咲花,19.8,75.6
杉本彩,12.9,77.5
鈴木京香,18.6,74.5
鈴木砂羽,15.9,63.2
鈴木奈々,11.5,85.5
鈴木保奈美,13.8,73.8
鈴木ゆうか,0.9,5.1
鈴木梨央,6,44.6
須藤理彩,4.2,39.1
鷲見玲奈,7.4,45
清野菜名,23.5,61.9
関水渚,1.6,9.7
瀬戸朝香,11.9,64.1
染野有来,0.4,2.3
大地真央,19.5,80.2
平祐奈,4.8,42.3
高岡早紀,11.9,70.1
高島彩,12.4,66.7
高嶋ちさ子,25.5,89.6
高島礼子,14.7,77.7
高梨臨,8,36.1
高橋惠子,8.1,50.6
髙橋ひかる,7.8,30.3
高橋ひとみ,9.4,58.9
高橋真麻,12.2,86.2
高橋みなみ,7.1,72.4
高橋メアリージュン,12.9,66.4
高畑淳子,18.8,79.1
高畑充希,28.1,83.2
瀧内公美,1.6,8.8
滝川クリステル,8.8,90.6
滝沢カレン,32.6,91.5
瀧本美織,10.1,55
竹下景子,14.2,61.6
武田梨奈,2.7,16.6
武田玲奈,3.5,20.2
田中美佐子,14.5,62.7
田中道子,3.7,25.7
田中みな実,21.4,84.4
田中律子,11,66.7
田中麗奈,9.4,63.4
田辺桃子,1.9,7.8
田鍋梨々花,0.7,4.8
谷まりあ,9.4,43.2
多部未華子,29.9,78.2
玉城ティナ,5.5,47.3
ダレノガレ明美,8.1,84.8
檀れい,18.2,73.3
壇蜜,19.5,89.9
千秋,11.7,90.1
知花くらら,3.9,40.5
土村芳,1.6,7.8
土屋アンナ,14.9,88
土屋太鳳,21.6,88.7
恒松祐里,4.8,14.9
椿鬼奴,22.3,83.2
鶴田真由,11.7,56.6
出口夏希,0.7,2.8
寺島しのぶ,13.3,72.9
當真あみ,1.8,10.1
常盤貴子,22.1,76.3
徳永えり,1.9,15.2
戸田恵梨香,35,87.4
戸田恵子,25.8,77.2
戸田菜穂,9.2,49.4
富田望生,10.3,37.7
富田靖子,8.3,55
ともさかりえ,9.4,76.5
友近,28.3,93.3
豊嶋花,0.4,5.3
トラウデン直美,5.1,39.3
トリンドル玲奈,13.1,77.9
なえなの,2.7,22.3
奈緒,13.3,39.1
仲里依紗,22.1,72.7
長井短,1.9,21.1
中川翔子,27.8,91.3
中越典子,7.3,51.2
永作博美,28,74
長澤樹,1.1,5.5
長澤まさみ,41.4,92.4
中島セナ,0,3.4
中条あやみ,21.6,70.3
中谷美紀,22.8,76.5
永野芽郁,35,76.5
長濱ねる,7.6,39.5
仲間由紀恵,30.1,90.3
中村アン,17.2,66.2
中村静香,5,23.9
中村ゆり,8.8,28.5
中村ゆりか,0.9,8
中山美穂,9.6,78.4
夏川結衣,11.5,46
夏木マリ,26.4,81.8
夏子,0.4,6.2
夏菜,8,52.7
名取裕子,17.7,70.3
菜々緒,27.3,84.6
成海璃子,8.7,61.6
二階堂ふみ,21.6,80.9
西田尚美,11.9,46.7
西野七瀬,13.5,56.8
仁村紗和,0.5,3.5
生見愛瑠,19.3,66.9
萩原みのり,0,2.7
橋本愛,7.6,46.5
橋本環奈,35.2,83.5
橋本マナミ,10.8,73.1
長谷川京子,12.2,71.9
羽田美智子,16.6,63
畑芽育,0.9,3.2
馬場ふみか,5,26.2
濱田マリ,19.5,74.9
浜辺美波,25.8,72
早見あかり,5,36.8
原沙知絵,4.6,47.1
原菜乃華,2.1,12
原日出子,6.9,60.9
原田知世,16.6,68.5
原田美枝子,9.7,47.6
波瑠,26.9,82.3
比嘉愛未,22.8,62.1
樋口可南子,10.6,70.6
ヒコロヒー,16.3,69.4
久本雅美,18.2,92.7
平岩紙,7.4,37.7
平子理沙,1.6,48.8
平手友梨奈,8.5,63
広末涼子,28.3,91.2
広瀬アリス,33.3,88.3
広瀬すず,35.8,93.1
ファーストサマーウイカ,19.8,74.7
笛木優子,6.4,43.5
深川麻衣,1.6,8.8
深田恭子,32.7,91.5
深津絵里,28.5,72.9
吹石一恵,11.2,72
福地桃子,5.1,23.2
福原遥,21.1,53.3
福本莉子,3.5,15.8
藤田ニコル,15.4,92.9
藤田弓子,7.4,58.9
藤野涼子,0.7,6.2
藤間爽子,1.4,10.1
藤本美貴,13.6,69.2
藤原さくら,3.9,23.2
藤原紀香,11.9,83.7
風吹ジュン,19.1,69.4
古川琴音,5.1,21.1
古畑星夏,1.6,8.3
フワちゃん,18.9,96.6
ベッキー,11.9,94.2
辺見えみり,7.8,74.3
北斗晶,20.5,91.7
堀田茜,12.7,51.2
堀田真由,6.7,28.1
ホラン千秋,19.6,87.1
堀内敬子,8.1,38.9
本上まなみ,8.5,56.3
本田翼,25.8,88.1
本田望結,11,83.4
前田敦子,9.9,88.5
マギー_(モデル),5,63.9
真木よう子,14.5,72.2
蒔田彩珠,2.1,10.1
マーシュ彩,2.1,10.6
益若つばさ,5.5,72.2
松たか子,35.8,89.9
松井愛莉,4.1,26.5
松井玲奈,6,54.7
松岡茉優,20.2,65.7
松風理咲,0.2,1.9
松坂慶子,13.8,68.1
松下奈緒,20.7,80
松下由樹,23.4,77.9
松嶋菜々子,33.1,87.8
松嶋尚美,8.8,76.1
松島花,2.8,19.3
松田聖子,14.5,89.6
松田るか,0.4,3.4
松本伊代,12,85.5
松本穂香,11.3,51.2
松本まりか,13.1,51.7
松本若菜,9.2,19.8
松雪泰子,23,70.4
真飛聖,5,25.3
眞鍋かをり,9.7,77.5
真矢ミキ,22.8,79.5
丸山桂里奈,11.9,86.7
萬田久子,8.1,70.3
萬波ユカ,0.5,3.5
三浦透子,3,20.5
見上愛,0.7,5
水川あさみ,17.5,72.4
水谷果穂,0.2,6.7
水野真紀,7.1,66.5
水野美紀,19.6,68.7
水原希子,11.3,75.9
光浦靖子,15.6,88
観月ありさ,17.9,83.4
満島ひかり,29.4,77.3
三戸なつめ,2.5,49.7
南果歩,8.1,65.5
南沙良,3.5,13.3
南沢奈央,4.1,33.6
南野陽子,10.3,75.8
美村里江,6.4,24.4
宮﨑あおい,23.9,82.1
宮崎美子,28.5,88.1
宮澤エマ,8.1,35.9
宮沢りえ,22.5,85.1
宮本信子,11.2,50.3
宮本茉由,0.5,5.5
宮脇咲良,6.5,31.3
三吉彩花,5.3,32.2
村上佳菜子,11.2,68.5
村上知子,18.9,93.8
室井滋,21.8,78.6
MEGUMI,17.3,73.5
本仮屋ユイカ,9.9,61.9
桃井かおり,17.7,77
百田夏菜子,15.2,65
森泉,18.8,88.5
森絵梨佳,1.6,7.8
森七菜,11.3,56.6
森星,10.1,55.4
森尾由美,12.9,59.8
森川葵,8.1,26.2
森口瑤子,9.9,42.8
森田想,0.2,2.7
森田望智,1.8,6.5
森高千里,20.7,77.3
八木莉可子,4.1,14.5
薬師丸ひろ子,23.2,84.1
安めぐみ,11.5,73.3
安田成美,17.2,69.7
安田美沙子,8.8,65.3
矢田亜希子,16.3,73.8
箭内夢菜,2.8,5.7
柳ゆり菜,0.7,11.5
柳原可奈子,19.6,88.5
矢作穂香,1.4,6.9
山口紗弥加,9.9,44.2
山口智子,31.5,68.7
山口まゆ,1.8,9.4
山口もえ,14.5,85.7
山崎静代,18.6,86.5
山崎紘菜,3.5,17.5
山下美月,5.8,32.2
山田杏奈,3.5,13.8
山田真歩,2.5,15.2
山田優,9.4,75
山之内すず,6.9,67.6
山本千尋,1.4,7.6
山本舞香,11.5,47.3
山本美月,15.2,64.6
YOU_(タレント),26,86.7
優香,26.2,83.5
優木まおみ,7.4,63.9
古川優奈,8.7,62.7
ゆりやんレトリィバァ,20.5,89.7
余貴美子,14.5,57.7
横澤夏子,23.2,86.7
横田真悠,3.7,14.3
吉岡里帆,29.2,81.9
吉川愛,8.7,24.8
吉田美月喜,0,2.1
吉田羊,34.7,80.4
吉田莉桜,0.5,3.5
吉高由里子,37,83.4
吉谷彩子,3.9,22.8
吉永小百合,28.7,85.7
芳根京子,18.4,55.2
与田祐希,3.5,17.3
米倉涼子,33.3,94.5
米倉れいあ,0.7,4.1
RIKACO,10.4,75.8
莉子,2.3,10.1
りょう,19.6,74.2
遼河はるひ,10.4,61.9
LiLiCo,23.5,86.7
蓮佛美沙子,8.8,38.6
ローラ_(モデル),25.3,94.7
若月佑美,1.8,9.2
若村麻由美,10.4,45.5
和久井映見,18.4,65.1
和田アキ子,15.8,97.9
渡辺えり,18.6,78.1
渡辺直美,38.8,97.5
渡辺真起子,3,28.7
渡辺満里奈,15.6,73.8
阿佐ヶ谷姉妹,40.9,95.8
ガンバレルーヤ,29.4,89.7
3時のヒロイン,17.7,82.1
ぼる塾,19.5,78.6
