哀川翔,福地桃子,link,1192
哀川翔,有吉弘行,link,12
哀川翔,柳沢慎吾,link,18
哀川翔,柳葉敏郎,link,39
哀川翔,山口智充,link,18
哀川翔,RIKACO,link,93
哀川翔,的場浩司,link,19
哀川翔,矢沢永吉,link,30
哀川翔,寺島進,link,16
相葉雅紀,二宮和也,link,22
相葉雅紀,藤井流星,link,17
相葉雅紀,松本潤,link,11
相葉雅紀,風間俊介,link,83
相葉雅紀,内田有紀,link,81
相葉雅紀,櫻井翔,link,455
相葉雅紀,小峠英二,link,59
青木崇高,優香,link,2370
青木崇高,音尾琢真,link,51
青木崇高,貫地谷しほり,link,36
青柳翔,町田啓太,link,198
青柳翔,佐藤寛太,link,122
明石家さんま,玉山鉄二,link,30
明石家さんま,IMALU,link,1881
明石家さんま,児嶋一哉,link,14
明石家さんま,タモリ,link,1013
明石家さんま,大竹しのぶ,link,2113
明石家さんま,岩田剛典,link,17
明石家さんま,木村拓哉,link,17
明石家さんま,杉野遥亮,link,12
明石家さんま,笑福亭鶴瓶,link,78
明石家さんま,佐藤浩市,link,24
明石家さんま,岡村隆史,link,43
明石家さんま,温水洋一,link,20
明石家さんま,桑田佳祐,link,23
明石家さんま,高田純次,link,42
明石家さんま,ビートたけし,link,938
明石家さんま,浅田美代子,link,32
明石家さんま,安田顕,link,14
明石家さんま,太田光,link,26
明石家さんま,今田耕司,link,15
赤楚衛二,馬場ふみか,link,75
赤楚衛二,福本莉子,link,12
赤楚衛二,日向亘,link,31
赤楚衛二,北村匠海,link,11
秋山竜次,千鳥_(お笑いコンビ),link,65
浅野忠信,加瀬亮,link,89
浅野忠信,松田龍平,link,26
浅利陽介,新垣結衣,link,82
浅利陽介,比嘉愛未,link,271
浅利陽介,山下智久,link,159
浅利陽介,戸田恵梨香,link,98
厚切りジェイソン,ベッキー,link,10
あばれる君,劇団ひとり,link,31
阿部サダヲ,三宅弘城,link,12
阿部サダヲ,芦田愛菜,link,11
阿部サダヲ,温水洋一,link,154
阿部寛,佐藤浩市,link,77
阿部寛,仲間由紀恵,link,134
阿部寛,岡田准一,link,27
阿部寛,役所広司,link,53
阿部寛,南野陽子,link,104
阿部寛,妻夫木聡,link,66
天野ひろゆき,ウド鈴木,link,1243
天野ひろゆき,南原清隆,link,30
天野ひろゆき,井森美幸,link,36
天野ひろゆき,内村光良,link,35
天野ひろゆき,ビビる大木,link,23
天野ひろゆき,飯尾和樹,link,96
綾野剛,星野源,link,37
綾野剛,石原さとみ,link,13
綾野剛,舘ひろし,link,14
綾野剛,山田孝之,link,10
綾野剛,黒木華,link,30
綾野剛,尾野真千子,link,45
綾野剛,堤真一,link,11
綾野剛,佐久間由衣,link,5115
綾野剛,大森南朋,link,35
綾野剛,妻夫木聡,link,79
綾野剛,小林薫,link,13
綾野剛,松坂桃李,link,71
荒川良々,阿部サダヲ,link,17
新田真剣佑,眞栄田郷敦,link,4564
新田真剣佑,北村匠海,link,17
有岡大貴,中島裕翔,link,31
有岡大貴,伊野尾慧,link,56
有田哲平,ケンドーコバヤシ,link,10
有田哲平,上田晋也,link,2756
有田哲平,土田晃之,link,30
有田哲平,堀内健,link,21
有田哲平,設楽統,link,19
有田哲平,深田恭子,link,84
有田哲平,菅野美穂,link,24
有田哲平,山崎弘也,link,49
有吉弘行,桃井かおり,link,28
有吉弘行,大泉洋,link,11
有吉弘行,勝俣州和,link,129
有吉弘行,さまぁ〜ず,link,26
有吉弘行,マツコ・デラックス,link,41
有吉弘行,藤田ニコル,link,23
有吉弘行,哀川翔,link,55
有吉弘行,関根勤,link,15
有吉弘行,劇団ひとり,link,648
有吉弘行,千原ジュニア,link,36
有吉弘行,南原清隆,link,15
有吉弘行,タカアンドトシ,link,35
有吉弘行,土田晃之,link,46
有吉弘行,春風亭昇太,link,11
有吉弘行,小籔千豊,link,115
有吉弘行,池田美優,link,46
有吉弘行,ベッキー,link,23
有吉弘行,内村光良,link,31
有吉弘行,設楽統,link,31
有吉弘行,国分太一,link,23
有吉弘行,吉村崇,link,85
有吉弘行,ビビる大木,link,346
飯尾和樹,ウド鈴木,link,25
飯尾和樹,さまぁ〜ず,link,10
飯尾和樹,関根勤,link,11
飯尾和樹,出川哲朗,link,12
飯尾和樹,天野ひろゆき,link,93
井浦新,斎藤工,link,47
井浦新,永山瑛太,link,164
井浦新,渡辺真起子,link,37
生田斗真,二宮和也,link,52
生田斗真,ウエンツ瑛士,link,41
生田斗真,清野菜名,link,3371
生田斗真,松本潤,link,34
生田斗真,相葉雅紀,link,21
生田斗真,風間俊介,link,116
生田斗真,山下智久,link,60
池松壮亮,高畑充希,link,21
池松壮亮,柄本時生,link,39
池松壮亮,林遣都,link,28
池松壮亮,前田敦子,link,13
池松壮亮,妻夫木聡,link,35
石塚英彦,中山秀征,link,157
石塚英彦,恵俊彰,link,565
石塚英彦,伊集院光,link,63
石橋貴明,鈴木保奈美,link,1563
石橋貴明,浜田雅功,link,78
石橋貴明,福澤朗,link,14
石橋貴明,ビートたけし,link,19
石橋貴明,所ジョージ,link,27
石橋貴明,木梨憲武,link,1479
石橋貴明,松岡修造,link,12
石原良純,小泉孝太郎,link,31
石原良純,羽鳥慎一,link,10
石原良純,木村文乃,link,40
泉澤祐希,志尊淳,link,40
泉澤祐希,磯村勇斗,link,128
泉澤祐希,山田孝之,link,12
磯村勇斗,竹内涼真,link,109
磯村勇斗,菅田将暉,link,89
磯村勇斗,綾野剛,link,72
磯村勇斗,稲葉友,link,54
磯村勇斗,満島ひかり,link,57
磯村勇斗,井ノ原快彦,link,12
磯村勇斗,有村架純,link,161
板尾創路,松本人志,link,88
板尾創路,千原ジュニア,link,34
板尾創路,今田耕司,link,337
板垣瑞生,高良健吾,link,24
板垣李光人,市原隼人,link,108
板垣李光人,三浦貴大,link,152
板垣李光人,水沢林太郎,link,29
市川猿之助_(4代目),佐々木蔵之介,link,31
市川猿之助_(4代目),香川照之,link,515
市川猿之助_(4代目),松本幸四郎,link,74
市川染五郎_(8代目),松たか子,link,144
市川染五郎_(8代目),松本幸四郎,link,23
市川團十郎_(13代目),伊藤英明,link,52
市川團十郎_(13代目),松たか子,link,47
市原隼人,深田恭子,link,105
市村正親,大泉洋,link,20
市村正親,篠原涼子,link,1084
市村正親,石原さとみ,link,50
市村正親,筧利夫,link,21
IKKO,高良健吾,link,163
伊藤あさひ,結木滉星,link,97
伊藤淳史,仲村トオル,link,47
伊藤淳史,岡村隆史,link,11
伊藤英明,宮沢りえ,link,41
伊藤英明,平山浩行,link,12
稲垣吾郎,香取慎吾,link,187
稲垣吾郎,木村拓哉,link,77
稲垣吾郎,安田顕,link,93
稲垣吾郎,中居正広,link,94
稲垣吾郎,草彅剛,link,146
稲葉友,藤田ニコル,link,1289
犬飼貴丈,矢作穂香,link,15
犬飼貴丈,竜星涼,link,85
犬飼貴丈,赤楚衛二,link,383
井上想良,小宮璃央,link,86
井上祐貴,小栗旬,link,46
伊野尾慧,ジェシー_(アイドル),link,160
伊野尾慧,有岡大貴,link,19
伊野尾慧,山下智久,link,13
井ノ原快彦,香取慎吾,link,67
井ノ原快彦,東山紀之,link,13
井ノ原快彦,松岡昌宏,link,69
井ノ原快彦,瀬戸朝香,link,1455
井ノ原快彦,国分太一,link,31
井之脇海,菅田将暉,link,17
井之脇海,神木隆之介,link,147
伊武雅刀,志田彩良,link,12
今田耕司,大塚寧々,link,41
今田耕司,松本人志,link,236
今田耕司,浜田雅功,link,221
今田耕司,出川哲朗,link,52
今田耕司,千原ジュニア,link,97
今田耕司,西田尚美,link,54
今田耕司,岡村隆史,link,108
今田耕司,板尾創路,link,195
今田耕司,明石家さんま,link,79
今田耕司,東野幸治,link,2164
今田耕司,又吉直樹,link,84
今田耕司,福山雅治,link,48
今田耕司,高橋茂雄,link,62
岩田剛典,山下健二郎,link,173
上田晋也,蛯原友里,link,21
上田晋也,児嶋一哉,link,27
上田晋也,古舘伊知郎,link,13
上田晋也,明石家さんま,link,13
上田晋也,有田哲平,link,2717
上田晋也,仲間由紀恵,link,21
上田晋也,若林正恭,link,11
ウエンツ瑛士,北乃きい,link,66
ウエンツ瑛士,生田斗真,link,38
ウエンツ瑛士,小池徹平,link,1018
ウエンツ瑛士,郷ひろみ,link,16
宇梶剛士,渡辺えり,link,60
宇梶剛士,東山紀之,link,73
宇梶剛士,吉川晃司,link,111
宇梶剛士,ヒロミ,link,508
内野聖陽,市川猿之助_(4代目),link,112
内野聖陽,西島秀俊,link,1570
内野聖陽,山本耕史,link,733
内野聖陽,寺島しのぶ,link,296
内野聖陽,貫地谷しほり,link,38
内村光良,ウド鈴木,link,36
内村光良,松本人志,link,84
内村光良,さまぁ〜ず,link,46
内村光良,出川哲朗,link,568
内村光良,笑福亭鶴瓶,link,20
内村光良,南原清隆,link,2109
内村光良,桑田佳祐,link,10
内村光良,東野幸治,link,19
内村光良,中山秀征,link,189
内村光良,ヒロミ,link,11
ウド鈴木,大久保佳代子,link,18
ウド鈴木,出川哲朗,link,11
ウド鈴木,秋山竜次,link,19
ウド鈴木,天野ひろゆき,link,1340
ウド鈴木,光浦靖子,link,43
ウド鈴木,内村光良,link,33
ウド鈴木,山口智充,link,32
ウド鈴木,飯尾和樹,link,58
梅沢富美男,皆藤愛子,link,20
梅沢富美男,浜田雅功,link,18
梅沢富美男,松岡昌宏,link,10
江口洋介,松下奈緒,link,26
江口洋介,武田鉄矢,link,11
江口洋介,森高千里,link,1584
江口洋介,佐藤浩市,link,71
江口洋介,唐沢寿明,link,155
江口洋介,役所広司,link,18
江口洋介,福山雅治,link,74
江口洋介,ユースケ・サンタマリア,link,27
柄本明,柄本時生,link,2988
柄本明,高田純次,link,96
柄本明,安藤サクラ,link,1853
柄本明,笹野高史,link,305
柄本明,柄本佑,link,3997
柄本明,小林薫,link,104
柄本佑,松山ケンイチ,link,326
柄本佑,風吹ジュン,link,385
柄本佑,菅田将暉,link,178
柄本佑,柄本時生,link,9086
柄本佑,奥田瑛二,link,1360
柄本佑,城島茂,link,50
柄本佑,安藤サクラ,link,4673
柄本佑,高良健吾,link,193
柄本佑,柄本明,link,5453
柄本時生,安藤サクラ,link,1221
柄本時生,柄本佑,link,4103
柄本時生,柄本明,link,1887
遠藤憲一,瀧本美織,link,46
遠藤憲一,光石研,link,79
遠藤憲一,中村雅俊,link,18
遠藤憲一,高橋克実,link,25
遠藤章造,藤井隆,link,90
遠藤章造,関根勤,link,49
遠藤章造,田中将大,link,91
及川光博,真飛聖,link,118
及川光博,滝川クリステル,link,23
及川光博,唐沢寿明,link,73
及川光博,檀れい,link,1626
及川光博,水谷豊,link,22
大泉洋,戸次重幸,link,914
大泉洋,音尾琢真,link,509
大泉洋,有吉弘行,link,12
大泉洋,トータス松本,link,13
大泉洋,ヒロミ,link,20
大泉洋,松村北斗,link,23
大泉洋,福山雅治,link,94
大泉洋,安田顕,link,944
大泉洋,小池栄子,link,23
大倉孝二,八嶋智人,link,58
大倉忠義,松本潤,link,12
大倉忠義,横山裕,link,18
大倉忠義,丸山隆平,link,47
大倉忠義,村上信五,link,29
大倉忠義,安田章大,link,53
大沢たかお,中谷美紀,link,30
大沢たかお,長澤まさみ,link,22
大沢たかお,竹野内豊,link,171
大沢たかお,森山未來,link,40
大沢たかお,鶴田真由,link,76
大沢たかお,柴咲コウ,link,29
太田光,松本人志,link,17
太田光,さまぁ〜ず,link,77
太田光,古舘伊知郎,link,17
太田光,上田晋也,link,59
太田光,桑田佳祐,link,24
太田光,ビートたけし,link,28
大谷翔平,羽生結弦,link,19
大谷翔平,芦田愛菜,link,11
大谷翔平,田中将大,link,424
大谷亮平,ディーン・フジオカ,link,176
大谷亮平,大谷翔平,link,35
岡田圭右,土田晃之,link,21
岡田圭右,小籔千豊,link,39
岡田圭右,岡田結実,link,1379
岡田圭右,設楽統,link,31
岡田准一,二宮和也,link,12
岡田准一,松本潤,link,13
岡田准一,玉木宏,link,167
岡田准一,高橋一生,link,551
岡田准一,宮﨑あおい,link,2886
岡田准一,妻夫木聡,link,73
岡田将生,長澤まさみ,link,50
岡田将生,村上虹郎,link,54
岡田将生,北村匠海,link,131
岡村隆史,矢部浩之,link,1984
岡村隆史,松本人志,link,16
岡村隆史,出川哲朗,link,60
岡村隆史,東野幸治,link,14
岡村隆史,堀内健,link,10
岡村隆史,中居正広,link,18
岡山天音,山田涼介,link,42
岡山天音,菅田将暉,link,467
岡山天音,上白石萌歌,link,156
岡山天音,武田玲奈,link,12
岡山天音,道枝駿佑,link,52
奥田瑛二,桃井かおり,link,11
奥田瑛二,伊武雅刀,link,279
奥田瑛二,明石家さんま,link,19
奥田瑛二,安藤サクラ,link,2507
奥田瑛二,松坂慶子,link,34
奥田瑛二,柄本佑,link,901
奥平大兼,山田杏奈,link,10
奥平大兼,中島セナ,link,73
奥平大兼,山田孝之,link,26
奥平大兼,鈴鹿央士,link,41
小栗旬,生田斗真,link,18
小栗旬,松本潤,link,13
小栗旬,吉沢亮,link,39
小栗旬,内田有紀,link,211
小栗旬,高良健吾,link,27
小栗旬,永瀬正敏,link,13
小栗旬,北村匠海,link,18
小栗旬,岡田将生,link,31
小栗旬,妻夫木聡,link,44
小澤征悦,DAIGO,link,40
小澤征悦,北川景子,link,60
小澤征悦,黒木瞳,link,68
小澤征悦,千葉雄大,link,207
織田裕二,原田知世,link,69
織田裕二,江口洋介,link,206
織田裕二,的場浩司,link,105
織田裕二,ユースケ・サンタマリア,link,15
オダギリジョー,池松壮亮,link,46
オダギリジョー,ビートたけし,link,15
音尾琢真,戸次重幸,link,175
音尾琢真,大泉洋,link,79
音尾琢真,安田顕,link,81
香川照之,市川團十郎_(13代目),link,43
香川照之,市川猿之助_(4代目),link,1681
香川照之,松本潤,link,42
香川照之,堺雅人,link,115
香川照之,梅沢富美男,link,40
賀来賢人,仲野太賀,link,215
賀来賢人,榮倉奈々,link,8750
賀来賢人,堤真一,link,62
賀来賢人,安田顕,link,37
賀来賢人,賀来千香子,link,5012
賀来賢人,ユースケ・サンタマリア,link,24
賀来賢人,井桁弘恵,link,24
角田晃広,桜井ユキ,link,29
角田晃広,夏帆,link,17
風間俊介,二宮和也,link,187
風間俊介,生田斗真,link,331
風間俊介,相葉雅紀,link,242
風間俊介,小野花梨,link,49
風間俊介,山下智久,link,99
笠松将,竹内涼真,link,24
笠松将,山田孝之,link,14
笠松将,浜野謙太,link,87
梶原善,松重豊,link,641
春日俊彰,ナイツ_(お笑いコンビ),link,19
春日俊彰,ビートたけし,link,12
春日俊彰,戸塚純貴,link,80
春日俊彰,若林正恭,link,2440
春日俊彰,フワちゃん,link,14
春日俊彰,向井理,link,11
春日俊彰,和牛_(お笑いコンビ),link,12
カズレーザー,及川光博,link,55
カズレーザー,EXIT_(お笑いコンビ),link,17
カズレーザー,天海祐希,link,50
加瀬亮,市原隼人,link,31
加瀬亮,ビートたけし,link,22
加瀬亮,浅野忠信,link,441
加瀬亮,戸田恵梨香,link,16
片桐仁,浅野忠信,link,33
片桐仁,角田晃広,link,24
片寄涼太,土屋太鳳,link,3308
勝地涼,渡部篤郎,link,11
勝地涼,前田敦子,link,334
勝地涼,瀬戸朝香,link,20
勝俣州和,出川哲朗,link,29
勝俣州和,恵俊彰,link,101
勝俣州和,本上まなみ,link,133
勝俣州和,内村光良,link,20
勝俣州和,和田アキ子,link,41
勝村政信,筧利夫,link,249
加藤浩次,矢部浩之,link,23
加藤浩次,大久保佳代子,link,20
加藤浩次,おぎやはぎ,link,15
加藤浩次,田村淳,link,22
加藤浩次,藤木直人,link,10
加藤浩次,名倉潤,link,90
加藤清史郎,志田彩良,link,92
加藤清史郎,芦田愛菜,link,25
加藤清史郎,鈴鹿央士,link,62
加藤清史郎,細田佳央太,link,82
加藤諒,きゃりーぱみゅぱみゅ,link,39
香取慎吾,ウド鈴木,link,30
香取慎吾,観月ありさ,link,49
香取慎吾,須賀健太,link,27
香取慎吾,山本耕史,link,54
香取慎吾,天野ひろゆき,link,25
香取慎吾,稲垣吾郎,link,207
香取慎吾,草彅剛,link,243
金子ノブアキ,安達祐実,link,23
金子ノブアキ,成海璃子,link,11
金子ノブアキ,斎藤工,link,176
金子ノブアキ,桜庭ななみ,link,14
川平慈英,博多華丸・大吉,link,19
神尾楓珠,伊藤英明,link,222
神尾楓珠,多部未華子,link,80
神尾楓珠,芋生悠,link,86
神尾楓珠,森七菜,link,14
神尾楓珠,松下洸平,link,132
神尾楓珠,今田美桜,link,119
上川隆也,及川光博,link,52
上川隆也,竹野内豊,link,25
上川隆也,本木雅弘,link,27
上川隆也,唐沢寿明,link,39
神木隆之介,山田涼介,link,72
神木隆之介,菅田将暉,link,137
神木隆之介,知念侑李,link,44
神木隆之介,松本穂香,link,50
神木隆之介,松雪泰子,link,12
神木隆之介,野村周平,link,62
神木隆之介,中島裕翔,link,41
神木隆之介,志田未来,link,208
神木隆之介,浜辺美波,link,31
神木隆之介,杉咲花,link,143
神木隆之介,川島海荷,link,118
上地雄輔,つるの剛士,link,219
上地雄輔,小泉孝太郎,link,245
上地雄輔,明石家さんま,link,24
上地雄輔,芳根京子,link,23
上地雄輔,中尾明慶,link,41
亀梨和也,藤ヶ谷太輔,link,362
亀梨和也,櫻井翔,link,15
亀梨和也,菊池風磨,link,22
亀梨和也,中丸雄一,link,339
亀梨和也,山下智久,link,300
唐沢寿明,市川團十郎_(13代目),link,44
唐沢寿明,及川光博,link,54
唐沢寿明,谷原章介,link,21
唐沢寿明,長谷川博己,link,11
唐沢寿明,木村拓哉,link,15
唐沢寿明,山口智子,link,1792
唐沢寿明,江口洋介,link,93
唐沢寿明,織田裕二,link,58
唐沢寿明,浅野ゆう子,link,23
唐沢寿明,榊原郁恵,link,49
唐沢寿明,渡辺謙,link,30
唐沢寿明,西田敏行,link,54
河合郁人,後藤輝基,link,50
河合郁人,松本潤,link,19
河合郁人,亀梨和也,link,61
河合郁人,村上信五,link,17
川島明,眞鍋かをり,link,776
川島明,松本人志,link,10
川島明,くっきー!,link,287
川島明,千原ジュニア,link,23
川島明,バカリズム,link,20
川島明,有田哲平,link,52
川島明,堀内健,link,31
川島明,山崎弘也,link,119
川島明,博多華丸・大吉,link,37
神田正輝,松田聖子,link,4443
神田正輝,舘ひろし,link,524
神田正輝,高島礼子,link,13
カンニング竹山,木梨憲武,link,35
カンニング竹山,博多華丸・大吉,link,271
菊池風磨,山田涼介,link,98
菊池風磨,倉科カナ,link,42
菊池風磨,二宮和也,link,66
菊池風磨,知念侑李,link,44
菊池風磨,亀梨和也,link,12
菊池風磨,佐藤勝利,link,97
菊池風磨,中島健人,link,238
菊池風磨,中丸雄一,link,10
岸優太,重岡大毅,link,14
岸優太,北山宏光,link,20
岸優太,佐藤勝利,link,95
岸優太,神宮寺勇太,link,186
岸優太,平野紫耀,link,267
岸優太,井ノ原快彦,link,11
岸谷五朗,三宅裕司,link,63
岸谷五朗,恵俊彰,link,10
岸谷五朗,寺脇康文,link,167
北村一輝,北村有起哉,link,18
北村一輝,戸田恵梨香,link,24
北村匠海,渡部篤郎,link,14
北村匠海,佐藤寛太,link,91
北村匠海,志尊淳,link,15
北村匠海,池松壮亮,link,141
北村匠海,杉野遥亮,link,55
北村匠海,浜辺美波,link,148
北村匠海,土屋太鳳,link,79
北村匠海,永野芽郁,link,10
北村匠海,小栗旬,link,24
北村匠海,岡田将生,link,65
北山宏光,藤ヶ谷太輔,link,50
北山宏光,佐藤勝利,link,61
北山宏光,山下智久,link,87
北山宏光,大倉忠義,link,41
吉川晃司,マキタスポーツ,link,23
吉川晃司,宇梶剛士,link,352
木梨憲武,カンニング竹山,link,33
木梨憲武,奈緒,link,13
木梨憲武,笑福亭鶴瓶,link,13
木梨憲武,佐藤浩市,link,42
木梨憲武,石橋貴明,link,1385
木梨憲武,安田成美,link,1708
木梨憲武,所ジョージ,link,41
木梨憲武,ヒロミ,link,117
木梨憲武,中井貴一,link,41
木梨憲武,水谷豊,link,47
木村拓哉,香取慎吾,link,94
木村拓哉,常盤貴子,link,11
木村拓哉,二宮和也,link,110
木村拓哉,マツコ・デラックス,link,47
木村拓哉,山口智子,link,15
木村拓哉,Cocomi,link,2246
木村拓哉,明石家さんま,link,19
木村拓哉,堤真一,link,20
木村拓哉,中井貴一,link,29
木村拓哉,稲垣吾郎,link,106
木村拓哉,中居正広,link,198
木村拓哉,草彅剛,link,124
桐谷健太,菅田将暉,link,11
桐山漣,菅田将暉,link,71
草彅剛,香取慎吾,link,215
草彅剛,タモリ,link,23
草彅剛,渡辺えり,link,21
草彅剛,稲垣吾郎,link,119
草彅剛,ユースケ・サンタマリア,link,31
草彅剛,小西真奈美,link,33
くっきー!,ファーストサマーウイカ,link,24
くっきー!,ケンドーコバヤシ,link,100
くっきー!,真木よう子,link,15
くっきー!,千原ジュニア,link,35
くっきー!,伊原六花,link,91
くっきー!,又吉直樹,link,13
くっきー!,ベッキー,link,24
くっきー!,ブラックマヨネーズ,link,77
國村隼,伊藤歩,link,13
窪田正孝,玉山鉄二,link,22
窪田正孝,水川あさみ,link,2770
窪田正孝,松岡茉優,link,14
黒羽麻璃央,桜井ユキ,link,2087
黒羽麻璃央,梅沢富美男,link,35
桑田佳祐,ナイツ_(お笑いコンビ),link,10
桑田佳祐,神木隆之介,link,15
桑田佳祐,明石家さんま,link,19
桑田佳祐,福山雅治,link,20
桑田佳祐,矢沢永吉,link,10
桑田佳祐,太田光,link,38
劇団ひとり,大沢あかね,link,1437
劇団ひとり,滝川クリステル,link,24
劇団ひとり,有吉弘行,link,290
劇団ひとり,おぎやはぎ,link,10
劇団ひとり,村上信五,link,29
劇団ひとり,ビビる大木,link,165
ケンドーコバヤシ,児嶋一哉,link,268
ケンドーコバヤシ,陣内智則,link,453
ケンドーコバヤシ,千原ジュニア,link,25
ケンドーコバヤシ,友近,link,13
小池徹平,ウエンツ瑛士,link,781
小池徹平,真矢ミキ,link,13
小池徹平,福山雅治,link,10
小泉孝太郎,滝川クリステル,link,1535
小泉孝太郎,ムロツヨシ,link,445
郷ひろみ,松田聖子,link,200
高良健吾,永山絢斗,link,432
高良健吾,柄本佑,link,139
国分太一,東山紀之,link,26
国分太一,松岡昌宏,link,55
国分太一,城島茂,link,86
国分太一,井ノ原快彦,link,18
児嶋一哉,松本人志,link,17
児嶋一哉,ケンドーコバヤシ,link,67
児嶋一哉,陣内智則,link,89
児嶋一哉,ヒロミ,link,76
児嶋一哉,佐々木希,link,56
児嶋一哉,設楽統,link,41
小瀧望,山田涼介,link,39
小瀧望,藤井流星,link,297
小瀧望,重岡大毅,link,52
小瀧望,西畑大吾,link,205
小手伸也,中尾明慶,link,10
後藤輝基,陣内智則,link,306
後藤輝基,東野幸治,link,14
小峠英二,日村勇紀,link,65
小峠英二,松本人志,link,17
小峠英二,さまぁ〜ず,link,12
小峠英二,ケンドーコバヤシ,link,62
小日向文世,中村雅俊,link,230
小宮浩信,田中卓志,link,18
小宮浩信,柳原可奈子,link,36
小宮浩信,石橋貴明,link,11
小宮浩信,ミルクボーイ,link,36
小宮璃央,井上想良,link,63
小籔千豊,ケンドーコバヤシ,link,48
小籔千豊,陣内智則,link,26
小籔千豊,かまいたち_(お笑いコンビ),link,21
小籔千豊,有吉弘行,link,156
小籔千豊,劇団ひとり,link,92
小籔千豊,浜辺美波,link,32
小籔千豊,友近,link,17
小籔千豊,千鳥_(お笑いコンビ),link,24
小籔千豊,設楽統,link,93
小籔千豊,高橋茂雄,link,14
今野浩喜,遼河はるひ,link,45
斎藤工,井浦新,link,27
斎藤工,くっきー!,link,11
斎藤工,綾野剛,link,20
斎藤工,柄本佑,link,19
斎藤工,貫地谷しほり,link,58
斎藤工,渡辺真起子,link,20
堺正章,桑田佳祐,link,107
堺正章,堺雅人,link,56
堺雅人,藤原竜也,link,45
堺雅人,市川猿之助_(4代目),link,97
堺雅人,中村ゆりか,link,20
堺雅人,山本耕史,link,187
堺雅人,香川照之,link,249
堺雅人,上戸彩,link,27
堺雅人,江口のりこ,link,186
堺雅人,阿部寛,link,14
堺雅人,浅野忠信,link,25
堺雅人,菅野美穂,link,3720
坂上忍,安田美沙子,link,10
坂上忍,武井壮,link,41
坂上忍,浅田舞,link,22
坂上忍,益若つばさ,link,52
坂上忍,シシド・カフカ,link,17
坂口健太郎,吉田鋼太郎,link,55
坂口健太郎,有村架純,link,101
櫻井海音,駒木根葵汰,link,197
櫻井海音,役所広司,link,19
櫻井海音,出口夏希,link,171
櫻井翔,二宮和也,link,24
櫻井翔,広瀬すず,link,11
櫻井翔,神木隆之介,link,11
櫻井翔,松本潤,link,21
櫻井翔,佐藤隆太,link,31
櫻井翔,亀梨和也,link,14
櫻井翔,相葉雅紀,link,204
櫻井翔,今井翼,link,31
櫻井翔,妻夫木聡,link,26
佐々木蔵之介,市川猿之助_(4代目),link,98
佐々木蔵之介,塚地武雅,link,33
佐々木蔵之介,見上愛,link,21
笹野高史,瀧内公美,link,12
笹野高史,柄本明,link,59
佐藤浩市,江口洋介,link,163
佐藤浩市,ヒロミ,link,11
佐藤浩市,木梨憲武,link,16
佐藤浩市,羽田美智子,link,90
佐藤浩市,中井貴一,link,127
佐藤浩市,妻夫木聡,link,80
佐藤勝利,岸優太,link,78
佐藤勝利,目黒蓮,link,122
佐藤勝利,中島健人,link,12
佐藤勝利,神宮寺勇太,link,104
佐藤勝利,松村北斗,link,78
佐藤勝利,四千頭身,link,70
佐藤二朗,間宮祥太朗,link,17
佐藤二朗,大泉洋,link,80
佐藤二朗,吉田鋼太郎,link,16
佐藤二朗,仲野太賀,link,11
佐藤二朗,本木雅弘,link,53
佐藤二朗,ムロツヨシ,link,128
佐藤隆太,塚本高史,link,156
佐藤隆太,高梨臨,link,11
佐藤隆太,千鳥_(お笑いコンビ),link,40
澤部佑,百田夏菜子,link,34
澤部佑,チョコレートプラネット,link,61
澤部佑,シソンヌ_(お笑いコンビ),link,25
澤部佑,渡辺直美,link,12
澤部佑,岡田将生,link,53
澤部佑,大谷翔平,link,28
澤部佑,サンシャイン池崎,link,62
澤部佑,名倉潤,link,15
沢村一樹,内村光良,link,35
サンシャイン池崎,斎藤工,link,42
サンシャイン池崎,武井壮,link,22
サンシャイン池崎,ティモンディ,link,25
サンシャイン池崎,澤部佑,link,24
サンシャイン池崎,松岡修造,link,11
椎名桔平,中尾明慶,link,64
ジェシー_(アイドル),知念侑李,link,27
ジェシー_(アイドル),松村北斗,link,363
ジェシー_(アイドル),伊野尾慧,link,714
ジェシー_(アイドル),堂本剛,link,18
重岡大毅,岸優太,link,12
重岡大毅,仲野太賀,link,110
重岡大毅,北山宏光,link,16
重岡大毅,中島健人,link,92
志尊淳,神木隆之介,link,29
志尊淳,高橋文哉,link,53
設楽統,日村勇紀,link,1585
設楽統,有吉弘行,link,206
設楽統,劇団ひとり,link,125
設楽統,小籔千豊,link,114
春風亭昇太,百田夏菜子,link,13
春風亭昇太,笑福亭鶴瓶,link,33
城島茂,松岡昌宏,link,38
城島茂,伊野尾慧,link,27
城島茂,国分太一,link,115
笑福亭鶴瓶,タモリ,link,14
笑福亭鶴瓶,明石家さんま,link,22
笑福亭鶴瓶,ビートたけし,link,11
笑福亭鶴瓶,木村文乃,link,28
笑福亭鶴瓶,北村一輝,link,103
笑福亭鶴瓶,駿河太郎,link,1368
白濱亜嵐,関口メンディー,link,17
城田優,眞鍋かをり,link,19
城田優,上戸彩,link,60
城田優,三浦翔平,link,110
城田優,山崎育三郎,link,170
城田優,蒼井優,link,85
城田優,山下智久,link,79
神宮寺勇太,岸優太,link,280
神宮寺勇太,永瀬廉,link,12
神宮寺勇太,平野紫耀,link,109
陣内孝則,陣内智則,link,186
陣内孝則,池松壮亮,link,142
陣内孝則,柳葉敏郎,link,112
陣内智則,児嶋一哉,link,148
陣内智則,ケンドーコバヤシ,link,353
陣内智則,東野幸治,link,19
陣内智則,藤原紀香,link,1409
陣内智則,ブラックマヨネーズ,link,28
陣内智則,陣内孝則,link,246
陣内智則,国仲涼子,link,18
須賀健太,濱田岳,link,15
杉浦太陽,益若つばさ,link,14
杉野遥亮,萩原利久,link,11
杉野遥亮,上白石萌音,link,10
杉野遥亮,松坂桃李,link,133
鈴鹿央士,飯豊まりえ,link,25
鈴鹿央士,奥平大兼,link,26
鈴鹿央士,広瀬すず,link,264
鈴鹿央士,志田彩良,link,339
鈴鹿央士,加藤清史郎,link,120
鈴鹿央士,久保田紗友,link,34
鈴鹿央士,細田佳央太,link,314
鈴鹿央士,松岡茉優,link,53
鈴鹿央士,南沙良,link,73
鈴木伸之,町田啓太,link,538
鈴木伸之,青柳翔,link,84
鈴木福,つるの剛士,link,179
鈴木福,亀梨和也,link,16
鈴木福,芦田愛菜,link,568
鈴木福,阿部サダヲ,link,17
鈴木福,上川隆也,link,28
菅田将暉,吉沢亮,link,84
菅田将暉,光石研,link,16
菅田将暉,磯村勇斗,link,11
菅田将暉,桐山漣,link,249
菅田将暉,池松壮亮,link,28
菅田将暉,山﨑賢人,link,40
菅田将暉,杉野遥亮,link,13
菅田将暉,桐谷健太,link,11
菅田将暉,仲野太賀,link,234
菅田将暉,板尾創路,link,33
菅田将暉,山田孝之,link,16
菅田将暉,福山雅治,link,22
菅田将暉,小松菜奈,link,5604
菅田将暉,柄本佑,link,101
菅田将暉,松坂桃李,link,14
菅田将暉,有村架純,link,18
駿河太郎,笑福亭鶴瓶,link,1139
駿河太郎,尾野真千子,link,19
関口メンディー,町田啓太,link,1085
関口メンディー,白濱亜嵐,link,267
関根勤,藤井隆,link,15
関根勤,本仮屋ユイカ,link,14
関根勤,高田純次,link,40
関根勤,明石家さんま,link,163
関根勤,飯尾和樹,link,13
瀬戸康史,山本美月,link,3369
瀬戸康史,高橋一生,link,58
瀬戸康史,城田優,link,18
瀬戸康史,三浦翔平,link,33
瀬戸康史,山里亮太,link,13
曽田陵介,莉子,link,91
染谷将太,足立梨花,link,208
染谷将太,二階堂ふみ,link,63
反町隆史,竹野内豊,link,378
反町隆史,織田裕二,link,208
反町隆史,沢村一樹,link,190
反町隆史,唐沢寿明,link,250
反町隆史,寺脇康文,link,96
反町隆史,松嶋菜々子,link,4779
反町隆史,水谷豊,link,156
DAIGO,土屋アンナ,link,12
DAIGO,小倉優子,link,22
DAIGO,北川景子,link,5566
DAIGO,千葉雄大,link,50
醍醐虎汰朗,伊藤英明,link,18
醍醐虎汰朗,小栗旬,link,13
髙嶋政伸,髙嶋政宏,link,1442
髙嶋政伸,高嶋ちさ子,link,463
髙嶋政宏,髙嶋政伸,link,1734
髙嶋政宏,高嶋ちさ子,link,246
高田純次,関根勤,link,89
高田純次,柳沢慎吾,link,112
高田純次,明石家さんま,link,33
高田純次,ビートたけし,link,49
高田純次,高嶋ちさ子,link,387
高田純次,松嶋菜々子,link,25
高田純次,柄本明,link,314
高田純次,長嶋一茂,link,60
高橋一生,奈緒,link,28
高橋一生,岸井ゆきの,link,43
高橋一生,浜野謙太,link,25
高橋一生,岡田准一,link,133
高橋一生,瀬戸康史,link,110
髙橋海人,永瀬廉,link,504
髙橋海人,神宮寺勇太,link,263
髙橋海人,若林正恭,link,50
髙橋海人,平野紫耀,link,54
高橋克典,染谷将太,link,20
高橋克実,八嶋智人,link,120
高橋茂雄,阿佐ヶ谷姉妹,link,13
高橋茂雄,山口智充,link,191
高橋文哉,志尊淳,link,44
高橋文哉,窪田正孝,link,390
高橋光臣,小栗旬,link,12
滝藤賢一,真木よう子,link,289
滝藤賢一,横澤夏子,link,43
滝藤賢一,筧美和子,link,13
武井壮,坂上忍,link,59
竹内涼真,稲葉友,link,36
竹内涼真,福士蒼汰,link,11
竹内涼真,横浜流星,link,23
武田鉄矢,木村拓哉,link,25
武田鉄矢,笑福亭鶴瓶,link,19
武田鉄矢,和田アキ子,link,10
武田鉄矢,西田敏行,link,75
竹中直人,小芝風花,link,11
竹中直人,明石家さんま,link,14
竹野内豊,長澤まさみ,link,52
竹野内豊,山口智子,link,25
竹野内豊,仲野太賀,link,108
竹野内豊,織田裕二,link,63
竹野内豊,桑田佳祐,link,10
竹野内豊,山田孝之,link,150
竹野内豊,大沢たかお,link,185
竹野内豊,反町隆史,link,170
舘ひろし,新垣結衣,link,13
舘ひろし,矢沢永吉,link,175
田中圭,広瀬すず,link,10
田中圭,高畑充希,link,11
田中圭,山田孝之,link,20
田中圭,千葉雄大,link,22
田中卓志,ナイツ_(お笑いコンビ),link,19
田中卓志,ケンドーコバヤシ,link,130
田中卓志,小嶋陽菜,link,23
田中卓志,土屋太鳳,link,17
田中卓志,井上咲楽,link,33
田中卓志,高橋真麻,link,62
田中将大,大谷翔平,link,32
田中要次,百田夏菜子,link,11
田中要次,竹中直人,link,18
田中要次,濱田岳,link,12
田辺誠一,大塚寧々,link,588
田辺誠一,安達祐実,link,10
谷原章介,寺脇康文,link,17
谷原章介,反町隆史,link,60
玉木宏,上野樹里,link,11
玉木宏,岡田准一,link,98
玉木宏,木南晴夏,link,5632
玉森裕太,永瀬廉,link,28
玉森裕太,山下智久,link,26
田村淳,有吉弘行,link,68
田村淳,設楽統,link,136
タモリ,勝俣州和,link,17
タモリ,関根勤,link,56
タモリ,笑福亭鶴瓶,link,42
タモリ,桑田佳祐,link,41
タモリ,明石家さんま,link,965
タモリ,ビートたけし,link,1111
タモリ,所ジョージ,link,179
タモリ,和田アキ子,link,114
タモリ,柄本明,link,15
タモリ,中居正広,link,38
タモリ,草彅剛,link,60
知念侑李,山田涼介,link,224
知念侑李,中島裕翔,link,49
知念侑李,有岡大貴,link,79
千葉雄大,永山絢斗,link,651
千葉雄大,田中圭,link,24
千葉雄大,寺島進,link,10
千原ジュニア,松本人志,link,116
千原ジュニア,ケンドーコバヤシ,link,98
千原ジュニア,陣内智則,link,52
千原ジュニア,板尾創路,link,103
千原ジュニア,小峠英二,link,45
千原ジュニア,加藤浩次,link,98
千原ジュニア,高橋茂雄,link,33
千原ジュニア,今田耕司,link,76
塚地武雅,今野浩喜,link,57
塚地武雅,原田泰造,link,17
塚地武雅,北川景子,link,69
塚本高史,佐藤隆太,link,115
塚本高史,玉木宏,link,30
津田寛治,吉川晃司,link,31
津田寛治,薬師丸ひろ子,link,74
土田晃之,矢部浩之,link,10
土田晃之,藤井隆,link,72
土田晃之,有吉弘行,link,40
土田晃之,澤部佑,link,22
土田晃之,山口智充,link,36
堤真一,椎名桔平,link,58
堤真一,綾野剛,link,13
堤真一,杉野遥亮,link,26
堤真一,佐藤浩市,link,112
堤真一,古田新太,link,14
堤真一,岡田准一,link,11
堤真一,吉岡秀隆,link,31
堤真一,阿部寛,link,14
堤真一,中井貴一,link,18
堤真一,堺雅人,link,44
堤真一,石田ゆり子,link,12
堤真一,小林薫,link,24
堤真一,豊川悦司,link,41
坪倉由幸,千鳥_(お笑いコンビ),link,10
妻夫木聡,池脇千鶴,link,39
妻夫木聡,矢本悠馬,link,12
妻夫木聡,綾野剛,link,14
妻夫木聡,佐藤隆太,link,51
妻夫木聡,池松壮亮,link,53
妻夫木聡,佐藤浩市,link,44
妻夫木聡,櫻井翔,link,35
妻夫木聡,吉岡里帆,link,15
妻夫木聡,今田美桜,link,14
妻夫木聡,成田凌,link,12
つるの剛士,上地雄輔,link,210
つるの剛士,杉浦太陽,link,15
ディーン・フジオカ,松下奈緒,link,25
ディーン・フジオカ,岸井ゆきの,link,38
出川哲朗,カンニング竹山,link,13
出川哲朗,さまぁ〜ず,link,26
出川哲朗,有吉弘行,link,37
出川哲朗,朝比奈彩,link,109
出川哲朗,バカリズム,link,31
出川哲朗,岡村隆史,link,50
出川哲朗,南原清隆,link,125
出川哲朗,明石家さんま,link,15
出川哲朗,東野幸治,link,18
出川哲朗,坪倉由幸,link,71
出川哲朗,土田晃之,link,12
出川哲朗,堀内健,link,36
出川哲朗,ホラン千秋,link,10
出川哲朗,内村光良,link,222
出川哲朗,矢沢永吉,link,28
出川哲朗,今田耕司,link,265
出川哲朗,長嶋一茂,link,11
寺島進,ビートたけし,link,21
寺脇康文,谷原章介,link,21
寺脇康文,三宅裕司,link,36
寺脇康文,岸谷五朗,link,161
寺脇康文,水谷豊,link,254
でんでん,佐藤浩市,link,15
でんでん,妻夫木聡,link,12
堂本光一,及川光博,link,10
堂本光一,堂本剛,link,2077
堂本光一,井ノ原快彦,link,37
堂本剛,水川あさみ,link,23
堂本剛,今井翼,link,18
堂本剛,岡田准一,link,79
堂本剛,ともさかりえ,link,34
堂本剛,堂本光一,link,1784
堂本剛,川口春奈,link,45
所ジョージ,さまぁ〜ず,link,46
所ジョージ,タモリ,link,148
所ジョージ,石橋貴明,link,21
所ジョージ,松田翔太,link,27
所ジョージ,明石家さんま,link,277
所ジョージ,ビートたけし,link,185
所ジョージ,木梨憲武,link,78
所ジョージ,和田アキ子,link,46
ØMI,中条あやみ,link,41
トータス松本,香川照之,link,24
トータス松本,ユースケ・サンタマリア,link,30
戸塚純貴,所ジョージ,link,11
戸塚純貴,春日俊彰,link,13
戸次重幸,大泉洋,link,238
戸次重幸,音尾琢真,link,262
戸次重幸,安田顕,link,261
豊川悦司,渡辺えり,link,79
豊川悦司,椎名桔平,link,45
豊川悦司,佐藤浩市,link,75
豊川悦司,寺島しのぶ,link,77
豊川悦司,妻夫木聡,link,53
内藤剛志,佐野史郎,link,266
内藤剛志,安達祐実,link,18
内藤剛志,浜田雅功,link,333
内藤剛志,沢口靖子,link,76
内藤剛志,笹野高史,link,19
内藤剛志,船越英一郎,link,183
中井貴一,柳沢慎吾,link,66
中井貴一,笑福亭鶴瓶,link,14
中井貴一,柳葉敏郎,link,61
中井貴一,佐藤浩市,link,255
中井貴一,木梨憲武,link,16
中井貴一,阿部寛,link,36
中井貴一,松平健,link,16
中居正広,ウエンツ瑛士,link,28
中居正広,勝俣州和,link,33
中居正広,児嶋一哉,link,23
中居正広,松本人志,link,101
中居正広,タモリ,link,53
中居正広,陣内智則,link,13
中居正広,木村拓哉,link,17
中居正広,出川哲朗,link,64
中居正広,笑福亭鶴瓶,link,35
中居正広,劇団ひとり,link,43
中居正広,岡村隆史,link,56
中居正広,石原良純,link,19
中居正広,ヒロミ,link,42
中居正広,ベッキー,link,56
中尾明慶,椎名桔平,link,56
中尾明慶,木村拓哉,link,11
中尾明慶,古田新太,link,60
中尾明慶,仲里依紗,link,4558
中尾明慶,山下智久,link,47
長嶋一茂,明石家さんま,link,14
長嶋一茂,石原良純,link,15
中島健人,山田涼介,link,252
中島健人,菅田将暉,link,36
中島健人,知念侑李,link,11
中島健人,重岡大毅,link,147
中島健人,小芝風花,link,33
中島健人,佐藤勝利,link,92
中島健人,菊池風磨,link,163
中島健人,赤楚衛二,link,126
中島裕翔,山田涼介,link,98
中島裕翔,知念侑李,link,74
中島裕翔,有岡大貴,link,48
永瀬正敏,斎藤工,link,40
永瀬正敏,岡田准一,link,17
永瀬正敏,浅野忠信,link,12
永瀬正敏,妻夫木聡,link,30
永瀬廉,山田涼介,link,46
永瀬廉,二宮和也,link,15
永瀬廉,玉森裕太,link,82
永瀬廉,道枝駿佑,link,207
永瀬廉,中島健人,link,340
永瀬廉,髙橋海人,link,16
永瀬廉,平野紫耀,link,371
永瀬廉,西畑大吾,link,110
仲野太賀,佐藤二朗,link,12
仲野太賀,市川実日子,link,14
仲野太賀,菅田将暉,link,76
仲野太賀,勝地涼,link,13
仲野太賀,桜田ひより,link,15
仲野太賀,ムロツヨシ,link,16
仲野太賀,山田孝之,link,261
仲野太賀,林遣都,link,99
仲野太賀,ディーン・フジオカ,link,12
仲野太賀,有村架純,link,183
中丸雄一,広末涼子,link,48
中丸雄一,二宮和也,link,53
中丸雄一,亀梨和也,link,126
中丸雄一,藤ヶ谷太輔,link,75
中丸雄一,中山秀征,link,11
中村俊介,陣内孝則,link,18
永山瑛太,永山絢斗,link,2924
永山瑛太,井浦新,link,138
永山瑛太,広瀬すず,link,20
永山瑛太,木村カエラ,link,1008
永山絢斗,木村カエラ,link,94
永山絢斗,竜星涼,link,622
永山絢斗,永山瑛太,link,1499
永山絢斗,高良健吾,link,141
永山絢斗,千葉雄大,link,58
中山秀征,石塚英彦,link,153
中山秀征,出川哲朗,link,75
中山秀征,井森美幸,link,77
中山秀征,ビビる大木,link,22
中山秀征,太田光,link,11
中山秀征,今田耕司,link,93
名倉潤,原田泰造,link,778
名倉潤,上田晋也,link,44
名倉潤,イモトアヤコ,link,20
名倉潤,堀内健,link,914
名倉潤,渡辺満里奈,link,1272
名倉潤,太田光,link,142
生瀬勝久,古田新太,link,33
生瀬勝久,仲間由紀恵,link,49
成田凌,水上恒司,link,10
成田凌,高梨臨,link,22
成田凌,杉野遥亮,link,21
成田凌,清原果耶,link,12
成田凌,横浜流星,link,14
南原清隆,タモリ,link,10
南原清隆,出川哲朗,link,232
南原清隆,桑田佳祐,link,50
南原清隆,中山秀征,link,133
南原清隆,ヒロミ,link,76
南原清隆,内村光良,link,1327
錦織圭,松岡修造,link,117
西島秀俊,松田聖子,link,15
西島秀俊,内野聖陽,link,691
西島秀俊,宮﨑あおい,link,20
西島秀俊,ビートたけし,link,35
西島秀俊,役所広司,link,47
西島秀俊,小林薫,link,61
西田敏行,武田鉄矢,link,43
西田敏行,松本人志,link,14
西田敏行,吉永小百合,link,43
西田敏行,勝村政信,link,21
西畑大吾,二宮和也,link,20
西畑大吾,永瀬廉,link,137
西畑大吾,大橋和也,link,113
西畑大吾,松村北斗,link,17
二宮和也,竹内涼真,link,71
二宮和也,松本潤,link,29
二宮和也,西島秀俊,link,125
二宮和也,玉木宏,link,67
二宮和也,相葉雅紀,link,22
二宮和也,風間俊介,link,212
二宮和也,木村拓哉,link,11
二宮和也,櫻井翔,link,19
二宮和也,大沢たかお,link,83
温水洋一,舘ひろし,link,20
温水洋一,仲間由紀恵,link,20
温水洋一,竹中直人,link,25
野間口徹,岡田准一,link,13
野村周平,神木隆之介,link,74
野村周平,白濱亜嵐,link,70
バカリズム,日村勇紀,link,31
バカリズム,生瀬勝久,link,28
バカリズム,松本人志,link,13
バカリズム,長澤まさみ,link,16
バカリズム,おぎやはぎ,link,183
バカリズム,劇団ひとり,link,17
バカリズム,川島明,link,43
バカリズム,小峠英二,link,258
バカリズム,土田晃之,link,34
バカリズム,若林正恭,link,36
バカリズム,設楽統,link,10
バカリズム,山里亮太,link,10
バカリズム,朝日奈央,link,87
バカリズム,ビビる大木,link,29
バカリズム,博多華丸・大吉,link,13
萩原利久,矢部浩之,link,14
萩原利久,菅田将暉,link,76
萩原利久,上白石萌歌,link,249
萩原利久,神尾楓珠,link,429
萩原利久,杉野遥亮,link,32
萩原利久,橋本環奈,link,141
萩原利久,山下美月,link,57
はじめしゃちょー,マツコ・デラックス,link,12
はじめしゃちょー,HIKAKIN,link,160
羽鳥慎一,福澤朗,link,273
羽鳥慎一,吉川晃司,link,36
羽生結弦,浅田真央,link,16
羽生結弦,大谷翔平,link,26
濱正悟,松下洸平,link,11
濱田岳,武田鉄矢,link,13
濱田岳,浜田雅功,link,14
濱田岳,岡田将生,link,33
浜田雅功,矢部浩之,link,63
浜田雅功,きゃりーぱみゅぱみゅ,link,11
浜田雅功,松本人志,link,3763
浜田雅功,さまぁ〜ず,link,15
浜田雅功,後藤輝基,link,55
浜田雅功,榊原郁恵,link,99
浜田雅功,タカアンドトシ,link,16
浜田雅功,土屋太鳳,link,265
浜田雅功,ヒロミ,link,263
浜田雅功,天野ひろゆき,link,26
浜田雅功,堂本剛,link,120
浜田雅功,名倉潤,link,30
浜野謙太,星野源,link,147
浜野謙太,吉高由里子,link,17
浜野謙太,ユースケ・サンタマリア,link,29
林修,柳原可奈子,link,71
林修,香川照之,link,468
林修,三吉彩花,link,103
林遣都,井之脇海,link,19
林遣都,大島優子,link,3580
林遣都,玉木宏,link,53
林遣都,池松壮亮,link,415
林遣都,仲野太賀,link,107
林遣都,松下洸平,link,225
林遣都,髙橋海人,link,202
速水もこみち,酒井美紀,link,15
速水もこみち,沢村一樹,link,13
原田泰造,堀内健,link,680
原田泰造,ヒロミ,link,46
原田泰造,檀れい,link,41
原田泰造,名倉潤,link,599
原田龍二,陣内孝則,link,38
はるな愛,MEGUMI,link,66
はるな愛,陣内智則,link,28
はるな愛,松田聖子,link,14
はるな愛,藤原紀香,link,104
坂東龍汰,村上虹郎,link,559
坂東龍汰,河合優実,link,12
HIKAKIN,はじめしゃちょー,link,66
東野幸治,松本人志,link,35
東野幸治,天海祐希,link,108
東野幸治,今田耕司,link,1139
東山紀之,知念侑李,link,80
東山紀之,薬丸裕英,link,248
東山紀之,哀川翔,link,25
東山紀之,木村佳乃,link,3363
東山紀之,松岡昌宏,link,145
東山紀之,川平慈英,link,18
東山紀之,遠藤憲一,link,198
東山紀之,堂本光一,link,11
東山紀之,国分太一,link,17
東山紀之,大倉忠義,link,29
ビートたけし,香取慎吾,link,10
ビートたけし,松本人志,link,95
ビートたけし,タモリ,link,712
ビートたけし,浅田真央,link,14
ビートたけし,西島秀俊,link,18
ビートたけし,渡辺えり,link,214
ビートたけし,柳楽優弥,link,20
ビートたけし,笑福亭鶴瓶,link,906
ビートたけし,桑田佳祐,link,22
ビートたけし,明石家さんま,link,548
ビートたけし,所ジョージ,link,83
ビートたけし,大森南朋,link,213
ビートたけし,和田アキ子,link,77
ビートたけし,太田光,link,22
ビートたけし,寺島進,link,62
ビビる大木,有吉弘行,link,93
ビビる大木,劇団ひとり,link,98
ビビる大木,土田晃之,link,29
ビビる大木,中山秀征,link,12
ビビる大木,草彅剛,link,43
日村勇紀,星野源,link,14
日村勇紀,ケンドーコバヤシ,link,72
日村勇紀,バカリズム,link,166
日村勇紀,岡村隆史,link,12
日村勇紀,いとうあさこ,link,19
日村勇紀,土田晃之,link,27
日村勇紀,天野ひろゆき,link,89
日村勇紀,設楽統,link,2176
日村勇紀,飯尾和樹,link,103
日村勇紀,はるな愛,link,11
日村勇紀,反町隆史,link,18
日向亘,井本彩花,link,25
日向亘,有村架純,link,41
平岡祐太,柴咲コウ,link,24
平岡祐太,寺脇康文,link,40
平野紫耀,岸優太,link,172
平野紫耀,指原莉乃,link,13
平野紫耀,永瀬廉,link,183
平野紫耀,神宮寺勇太,link,167
平野紫耀,髙橋海人,link,133
平野紫耀,向井康二,link,91
平野紫耀,山下智久,link,175
平山浩行,内野聖陽,link,73
ヒロミ,児嶋一哉,link,28
ヒロミ,浜田雅功,link,51
ヒロミ,哀川翔,link,14
ヒロミ,出川哲朗,link,21
ヒロミ,高橋みなみ,link,13
ヒロミ,松本伊代,link,1052
ヒロミ,南原清隆,link,25
ヒロミ,ビートたけし,link,18
ヒロミ,木梨憲武,link,128
ヒロミ,内村光良,link,10
ヒロミ,フワちゃん,link,20
ヒロミ,宇梶剛士,link,614
ヒロミ,中居正広,link,20
福澤朗,羽鳥慎一,link,22
福澤朗,古舘伊知郎,link,51
福士蒼汰,吉沢亮,link,283
福士蒼汰,古川雄大,link,14
福士蒼汰,香川照之,link,65
福士蒼汰,岡田准一,link,64
福山雅治,大泉洋,link,133
福山雅治,江口洋介,link,95
福山雅治,桑田佳祐,link,41
福山雅治,吹石一恵,link,13910
福山雅治,奥貫薫,link,284
福山雅治,富田靖子,link,80
藤井隆,松本人志,link,10
藤井隆,ケンドーコバヤシ,link,35
藤井隆,陣内智則,link,26
藤井隆,土田晃之,link,115
藤井隆,YOU_(タレント),link,12
藤井隆,乙葉,link,2944
藤井隆,今田耕司,link,19
藤井流星,小瀧望,link,166
藤井流星,松本潤,link,19
藤井流星,重岡大毅,link,54
藤井流星,向井康二,link,62
藤岡弘、,岡田准一,link,13
藤ヶ谷太輔,亀梨和也,link,38
藤ヶ谷太輔,玉森裕太,link,46
藤ヶ谷太輔,北山宏光,link,25
藤ヶ谷太輔,中丸雄一,link,46
藤木直人,當真あみ,link,11
藤木直人,板谷由夏,link,225
藤森慎吾,有吉弘行,link,12
藤森慎吾,生田絵梨花,link,53
藤森慎吾,生駒里奈,link,14
藤原大祐,宮世琉弥,link,19
藤原竜也,船越英一郎,link,18
藤原竜也,宇梶剛士,link,44
古川雄輝,岩田剛典,link,95
古川雄輝,佐々木蔵之介,link,38
古川雄輝,矢作穂香,link,155
古川雄輝,古川雄大,link,105
古川雄輝,竜星涼,link,13
古川雄大,馬場ふみか,link,22
古川雄大,古川雄輝,link,195
古川雄大,福士蒼汰,link,16
古川雄大,山崎育三郎,link,17
古川雄大,柿澤勇人,link,23
古田新太,生瀬勝久,link,24
古田新太,勝村政信,link,130
古田新太,筧利夫,link,66
古田新太,渡辺いっけい,link,125
古舘伊知郎,郷ひろみ,link,27
古舘伊知郎,太田光,link,27
星野源,綾野剛,link,37
星野源,高橋一生,link,37
星野源,新垣結衣,link,6020
細田佳央太,志田彩良,link,357
細田佳央太,加藤清史郎,link,145
細田佳央太,鈴鹿央士,link,254
細田佳央太,関水渚,link,30
堀内健,有吉弘行,link,22
堀内健,原田泰造,link,521
堀内健,東野幸治,link,11
堀内健,有田哲平,link,26
堀内健,土田晃之,link,26
堀内健,内村光良,link,10
堀内健,ビビる大木,link,24
堀内健,名倉潤,link,477
本郷奏多,二宮和也,link,82
本郷奏多,佐野勇斗,link,69
本郷奏多,吉田美月喜,link,46
毎熊克哉,武田梨奈,link,10
毎熊克哉,光石研,link,434
毎熊克哉,吉永小百合,link,11
眞栄田郷敦,新田真剣佑,link,5072
前野朋哉,池松壮亮,link,16
マキタスポーツ,サンドウィッチマン_(お笑いコンビ),link,38
マキタスポーツ,矢沢永吉,link,18
眞島秀和,山田杏奈,link,11
又吉直樹,千鳥_(お笑いコンビ),link,16
町田啓太,佐藤寛太,link,84
町田啓太,関口メンディー,link,411
町田啓太,鈴木伸之,link,651
町田啓太,白濱亜嵐,link,42
松岡修造,古舘伊知郎,link,20
松岡修造,錦織圭,link,194
松岡昌宏,山本舞香,link,106
松岡昌宏,東山紀之,link,18
松岡昌宏,吉川晃司,link,73
松岡昌宏,城島茂,link,71
松岡昌宏,北村一輝,link,38
松岡昌宏,国分太一,link,39
松岡昌宏,中山美穂,link,23
松岡昌宏,大倉忠義,link,25
マツコ・デラックス,田中卓志,link,17
マツコ・デラックス,有吉弘行,link,24
マツコ・デラックス,木村拓哉,link,104
マツコ・デラックス,明石家さんま,link,27
マツコ・デラックス,YOU_(タレント),link,36
マツコ・デラックス,満島ひかり,link,70
松坂桃李,役所広司,link,70
松坂桃李,堤真一,link,56
松坂桃李,阿部寛,link,42
松坂桃李,戸田恵梨香,link,2871
松坂桃李,西田敏行,link,25
松重豊,星野源,link,35
松重豊,光石研,link,415
松重豊,北川景子,link,48
松重豊,勝村政信,link,321
松重豊,陣内孝則,link,797
松下洸平,神尾楓珠,link,92
松下洸平,多部未華子,link,71
松下洸平,岸井ゆきの,link,58
松下洸平,林遣都,link,184
松下洸平,黒木華,link,508
松下洸平,今田美桜,link,81
松下洸平,藤木直人,link,22
松下洸平,戸田恵梨香,link,35
松下洸平,桜庭ななみ,link,13
松田翔太,井上真央,link,80
松田翔太,木村文乃,link,14
松田翔太,秋元梢,link,1999
松田翔太,松田龍平,link,1448
松田龍平,水川あさみ,link,19
松田龍平,松田翔太,link,1692
松田龍平,永山瑛太,link,21
松田龍平,秋元梢,link,322
松田龍平,松岡茉優,link,10
松田龍平,小松菜奈,link,15
松田龍平,浅野忠信,link,71
松平健,香取慎吾,link,18
松平健,南原清隆,link,11
松平健,大地真央,link,2027
松村北斗,中島健人,link,43
松村北斗,ジェシー_(アイドル),link,204
松村北斗,菊池風磨,link,47
松村北斗,中丸雄一,link,11
松村北斗,安田顕,link,12
松村北斗,上白石萌音,link,24
松村北斗,西畑大吾,link,25
松村北斗,山下智久,link,27
松本潤,二宮和也,link,12
松本潤,水川あさみ,link,146
松本潤,タモリ,link,10
松本潤,井上真央,link,10
松本潤,相葉雅紀,link,11
松本潤,笑福亭鶴瓶,link,22
松本潤,櫻井翔,link,12
松本潤,香川照之,link,70
松本潤,松たか子,link,75
松本潤,松田龍平,link,124
松本潤,小栗旬,link,14
松本人志,後藤輝基,link,91
松本人志,浜田雅功,link,6047
松本人志,陣内智則,link,73
松本人志,指原莉乃,link,28
松本人志,千原ジュニア,link,88
松本人志,古舘伊知郎,link,74
松本人志,板尾創路,link,147
松本人志,東野幸治,link,146
松本人志,有田哲平,link,97
松本人志,ビートたけし,link,12
松本人志,ヒロミ,link,163
松本人志,内村光良,link,376
松本人志,中居正広,link,112
松本人志,今田耕司,link,294
松本人志,西田敏行,link,86
松山ケンイチ,成海璃子,link,55
松山ケンイチ,リリー・フランキー,link,11
松山ケンイチ,松平健,link,26
松山ケンイチ,浅野忠信,link,13
松山ケンイチ,妻夫木聡,link,41
松山ケンイチ,反町隆史,link,20
間宮祥太朗,森七菜,link,10
間宮祥太朗,永野芽郁,link,18
間宮祥太朗,桜井日奈子,link,15
丸山隆平,横山裕,link,25
丸山隆平,安田章大,link,50
丸山隆平,横浜流星,link,11
丸山隆平,大倉忠義,link,33
三浦知良,北村匠海,link,156
三浦翔平,桐谷美玲,link,1494
三浦貴大,三浦友和,link,620
三浦貴大,渡辺謙,link,18
三浦貴大,土村芳,link,36
三浦友和,椎名桔平,link,24
三浦友和,吉永小百合,link,10
三浦友和,佐藤浩市,link,60
三浦友和,三浦貴大,link,1971
水上恒司,福原遥,link,462
水上恒司,阿部サダヲ,link,157
水沢林太郎,道枝駿佑,link,408
水沢林太郎,関口メンディー,link,48
水沢林太郎,川島海荷,link,10
水沢林太郎,水谷豊,link,12
水谷豊,武田鉄矢,link,38
水谷豊,桃井かおり,link,106
水谷豊,及川光博,link,135
水谷豊,中村雅俊,link,91
水谷豊,趣里,link,7584
水谷豊,石橋貴明,link,27
水谷豊,木梨憲武,link,55
水谷豊,寺脇康文,link,148
溝端淳平,生田斗真,link,20
溝端淳平,池松壮亮,link,30
溝端淳平,林遣都,link,28
溝端淳平,小栗旬,link,20
溝端淳平,岡田将生,link,62
溝端淳平,戸田恵梨香,link,26
道枝駿佑,山田涼介,link,115
道枝駿佑,目黒蓮,link,36
道枝駿佑,西畑大吾,link,258
光石研,松重豊,link,101
光石研,柳沢慎吾,link,12
満島真之介,満島ひかり,link,4811
峰竜太,神田正輝,link,18
峰竜太,舘ひろし,link,10
三宅弘城,阿部サダヲ,link,25
三宅裕司,タモリ,link,11
三宅裕司,寺脇康文,link,24
三宅裕司,岸谷五朗,link,31
宮沢氷魚,綾野剛,link,35
宮沢氷魚,渡辺謙,link,11
宮世琉弥,百田夏菜子,link,101
宮世琉弥,菅田将暉,link,19
宮世琉弥,原菜乃華,link,219
宮世琉弥,北村匠海,link,33
宮世琉弥,高橋文哉,link,82
宮根誠司,タモリ,link,10
宮根誠司,笑福亭鶴瓶,link,20
宮根誠司,古舘伊知郎,link,67
向井理,原田泰造,link,13
向井理,北川景子,link,31
向井理,黒木瞳,link,16
向井理,国仲涼子,link,2306
向井康二,目黒蓮,link,19
向井康二,永瀬廉,link,95
向井康二,大橋和也,link,18
向井康二,岡田准一,link,24
向井康二,平野紫耀,link,120
向井康二,西畑大吾,link,105
六平直政,佐野史郎,link,60
村上信五,藤井隆,link,13
村上信五,生田斗真,link,25
村上信五,マツコ・デラックス,link,14
村上信五,横山裕,link,125
村上信五,丸山隆平,link,96
村上信五,国分太一,link,15
村上信五,中居正広,link,10
村上虹郎,板垣瑞生,link,38
ムロツヨシ,佐藤二朗,link,151
ムロツヨシ,小泉孝太郎,link,617
ムロツヨシ,渡辺直美,link,47
ムロツヨシ,深津絵里,link,330
ムロツヨシ,江口のりこ,link,298
恵俊彰,勝俣州和,link,114
恵俊彰,石塚英彦,link,983
恵俊彰,岸谷五朗,link,118
恵俊彰,太田光,link,67
目黒蓮,二宮和也,link,11
目黒蓮,道枝駿佑,link,178
目黒蓮,ラウール_(アイドル),link,859
目黒蓮,向井康二,link,383
本木雅弘,薬丸裕英,link,92
本木雅弘,松本伊代,link,10
本木雅弘,妻夫木聡,link,56
森崎ウィン,土村芳,link,11
森山未來,佐藤隆太,link,10
森山未來,磯村勇斗,link,32
森山未來,池松壮亮,link,11
森山未來,永山瑛太,link,35
森山未來,柄本佑,link,59
役所広司,柳楽優弥,link,431
薬丸裕英,東山紀之,link,51
薬丸裕英,本木雅弘,link,85
矢沢永吉,神尾楓珠,link,11
矢沢永吉,桑田佳祐,link,108
矢沢永吉,所ジョージ,link,16
八嶋智人,高橋克実,link,332
八嶋智人,上地雄輔,link,11
八嶋智人,西村まさ彦,link,67
八嶋智人,遠藤章造,link,17
安田顕,戸次重幸,link,607
安田顕,大泉洋,link,646
安田顕,音尾琢真,link,285
安田顕,丸山隆平,link,54
安田顕,斉藤由貴,link,14
安田顕,安田章大,link,56
安田顕,稲垣吾郎,link,78
安田顕,小池栄子,link,35
安田章大,丸山隆平,link,68
安田章大,相葉雅紀,link,14
安田章大,大倉忠義,link,36
柳沢慎吾,勝俣州和,link,46
柳沢慎吾,関根勤,link,18
柳沢慎吾,堺正章,link,16
柳沢慎吾,南原清隆,link,23
柳沢慎吾,舘ひろし,link,13
柳沢慎吾,高田純次,link,53
柳沢慎吾,中井貴一,link,55
柳葉敏郎,浅野ゆう子,link,32
柳葉敏郎,明石家さんま,link,12
柳葉敏郎,陣内孝則,link,215
柳葉敏郎,和田アキ子,link,32
柳葉敏郎,ユースケ・サンタマリア,link,12
柳葉敏郎,中山美穂,link,53
矢部浩之,岡村隆史,link,939
山口智充,哀川翔,link,19
山口智充,山本耕史,link,77
山口智充,小籔千豊,link,74
山崎育三郎,石丸幹二,link,141
山崎育三郎,篠原涼子,link,24
山崎育三郎,高橋一生,link,35
山崎育三郎,重岡大毅,link,158
山崎育三郎,古川雄大,link,91
山崎育三郎,山田孝之,link,58
山崎育三郎,城田優,link,23
山崎育三郎,松下洸平,link,239
山崎育三郎,市村正親,link,15
山崎育三郎,井桁弘恵,link,65
山﨑賢人,松山ケンイチ,link,11
山﨑賢人,菅田将暉,link,168
山﨑賢人,桜田通,link,98
山﨑賢人,広瀬すず,link,18
山﨑賢人,神木隆之介,link,25
山﨑賢人,高畑充希,link,10
山﨑賢人,吉沢亮,link,203
山﨑賢人,山田孝之,link,29
山﨑賢人,土屋太鳳,link,43
山﨑賢人,松下洸平,link,99
山﨑賢人,岡山天音,link,127
山﨑賢人,川口春奈,link,12
山崎弘也,武田鉄矢,link,14
山崎弘也,カンニング竹山,link,107
山崎弘也,松本人志,link,34
山崎弘也,おぎやはぎ,link,17
山崎弘也,有田哲平,link,141
山崎弘也,ブラックマヨネーズ,link,59
山崎弘也,伊集院光,link,22
山里亮太,ナイツ_(お笑いコンビ),link,26
山里亮太,山崎静代,link,810
山里亮太,仲野太賀,link,11
山里亮太,千鳥_(お笑いコンビ),link,49
山里亮太,若林正恭,link,44
山里亮太,早見あかり,link,35
山里亮太,太田光,link,11
山里亮太,蒼井優,link,1925
山下健二郎,岩田剛典,link,124
山下健二郎,朝比奈彩,link,4873
山下智久,山田涼介,link,119
山下智久,香取慎吾,link,13
山下智久,生田斗真,link,99
山下智久,長澤まさみ,link,19
山下智久,亀梨和也,link,127
山下智久,風間俊介,link,58
山下智久,新垣結衣,link,58
山下智久,浅利陽介,link,178
山下智久,新木優子,link,49
山田孝之,佐藤二朗,link,10
山田孝之,菅田将暉,link,12
山田孝之,綾野剛,link,72
山田孝之,竹野内豊,link,131
山田孝之,仲野太賀,link,129
山田孝之,斎藤工,link,18
山田孝之,役所広司,link,10
山田孝之,竹中直人,link,11
山田孝之,小栗旬,link,10
山田孝之,広瀬アリス,link,88
山田裕貴,杉野遥亮,link,83
山田裕貴,笑福亭鶴瓶,link,12
山田裕貴,板垣李光人,link,11
山田涼介,二宮和也,link,53
山田涼介,知念侑李,link,316
山田涼介,中島裕翔,link,186
山田涼介,菊池風磨,link,10
山田涼介,有岡大貴,link,83
山本耕史,香取慎吾,link,196
山本耕史,山口智充,link,39
矢本悠馬,間宮祥太朗,link,137
結木滉星,伊藤あさひ,link,42
ユースケ・サンタマリア,トータス松本,link,30
ユースケ・サンタマリア,桑田佳祐,link,22
横浜流星,三浦友和,link,45
横浜流星,吉沢亮,link,211
横浜流星,綾野剛,link,34
横浜流星,山田孝之,link,30
横浜流星,吉高由里子,link,26
横山だいすけ,いとうあさこ,link,15
横山裕,福原遥,link,33
横山裕,丸山隆平,link,33
横山裕,相葉雅紀,link,31
横山裕,村上信五,link,147
横山裕,安田章大,link,17
横山裕,大倉忠義,link,170
吉岡秀隆,綾野剛,link,12
吉岡秀隆,内田有紀,link,4216
吉沢亮,菅田将暉,link,104
吉沢亮,広瀬すず,link,60
吉沢亮,野村周平,link,673
吉沢亮,山﨑賢人,link,170
吉沢亮,福士蒼汰,link,102
吉沢亮,渡邊圭祐,link,20
吉沢亮,高杉真宙,link,70
吉沢亮,横浜流星,link,12
吉沢亮,二階堂ふみ,link,71
吉田鋼太郎,藤原竜也,link,98
吉田鋼太郎,小栗旬,link,39
吉村崇,錦鯉_(お笑いコンビ),link,31
吉村崇,有吉弘行,link,133
吉村崇,渡辺直美,link,33
吉村崇,又吉直樹,link,13
ラウール_(アイドル),岸優太,link,23
ラウール_(アイドル),小瀧望,link,832
ラウール_(アイドル),目黒蓮,link,26
ラウール_(アイドル),向井康二,link,54
竜星涼,永山絢斗,link,217
竜星涼,古川雄輝,link,13
竜星涼,犬飼貴丈,link,15
竜星涼,竹野内豊,link,27
竜星涼,上野樹里,link,11
竜星涼,反町隆史,link,26
リリー・フランキー,森高千里,link,12
リリー・フランキー,亀梨和也,link,12
リリー・フランキー,高橋みなみ,link,63
リリー・フランキー,安めぐみ,link,38
リリー・フランキー,福山雅治,link,62
リリー・フランキー,矢沢永吉,link,12
リリー・フランキー,山下智久,link,12
六角精児,坂上忍,link,21
若林正恭,ナイツ_(お笑いコンビ),link,57
若林正恭,南沢奈央,link,496
若林正恭,松本人志,link,14
若林正恭,上田晋也,link,17
若林正恭,髙橋海人,link,51
若林正恭,澤部佑,link,28
若林正恭,春日俊彰,link,2775
若林正恭,山里亮太,link,50
渡邊圭祐,神木隆之介,link,87
渡辺謙,南果歩,link,1207
渡辺謙,妻夫木聡,link,55
渡辺謙,豊川悦司,link,66
渡部篤郎,菅田将暉,link,92
渡部篤郎,中谷美紀,link,32
渡部篤郎,三浦知良,link,237
渡部篤郎,坪倉由幸,link,29
渡部篤郎,高岡早紀,link,44
渡部篤郎,内村光良,link,20
渡部篤郎,RIKACO,link,10400
EXIT_(お笑いコンビ),3時のヒロイン,link,38
おぎやはぎ,小嶋陽菜,link,152
おぎやはぎ,有吉弘行,link,39
おぎやはぎ,塚地武雅,link,11
おぎやはぎ,劇団ひとり,link,19
おぎやはぎ,バカリズム,link,173
おぎやはぎ,加藤浩次,link,18
おぎやはぎ,光浦靖子,link,14
おぎやはぎ,山崎弘也,link,15
かまいたち_(お笑いコンビ),霜降り明星,link,42
かまいたち_(お笑いコンビ),サンドウィッチマン_(お笑いコンビ),link,23
かまいたち_(お笑いコンビ),見取り図_(お笑いコンビ),link,10
かまいたち_(お笑いコンビ),ミキ_(お笑いコンビ),link,14
かまいたち_(お笑いコンビ),ビートたけし,link,11
かまいたち_(お笑いコンビ),千鳥_(お笑いコンビ),link,186
かまいたち_(お笑いコンビ),池田美優,link,105
かまいたち_(お笑いコンビ),若林正恭,link,55
かまいたち_(お笑いコンビ),ミルクボーイ,link,138
かまいたち_(お笑いコンビ),和牛_(お笑いコンビ),link,785
さまぁ〜ず,出川哲朗,link,13
さまぁ〜ず,有田哲平,link,12
さまぁ〜ず,所ジョージ,link,15
さまぁ〜ず,内村光良,link,20
さまぁ〜ず,坂上忍,link,96
さまぁ〜ず,伊集院光,link,12
サンドウィッチマン_(お笑いコンビ),ナイツ_(お笑いコンビ),link,54
サンドウィッチマン_(お笑いコンビ),松本人志,link,19
サンドウィッチマン_(お笑いコンビ),さまぁ〜ず,link,26
サンドウィッチマン_(お笑いコンビ),哀川翔,link,18
サンドウィッチマン_(お笑いコンビ),タカアンドトシ,link,19
サンドウィッチマン_(お笑いコンビ),小峠英二,link,79
サンドウィッチマン_(お笑いコンビ),ビートたけし,link,18
サンドウィッチマン_(お笑いコンビ),千鳥_(お笑いコンビ),link,34
シソンヌ_(お笑いコンビ),チョコレートプラネット,link,358
シソンヌ_(お笑いコンビ),おぎやはぎ,link,27
霜降り明星,ナイツ_(お笑いコンビ),link,12
霜降り明星,松本人志,link,33
霜降り明星,千鳥_(お笑いコンビ),link,308
霜降り明星,ミルクボーイ,link,20
霜降り明星,博多華丸・大吉,link,22
霜降り明星,和牛_(お笑いコンビ),link,21
タカアンドトシ,錦鯉_(お笑いコンビ),link,237
タカアンドトシ,大泉洋,link,21
タカアンドトシ,サンドウィッチマン_(お笑いコンビ),link,44
タカアンドトシ,安藤サクラ,link,21
タカアンドトシ,ブラックマヨネーズ,link,278
千鳥_(お笑いコンビ),サンドウィッチマン_(お笑いコンビ),link,11
千鳥_(お笑いコンビ),かまいたち_(お笑いコンビ),link,34
千鳥_(お笑いコンビ),博多華丸・大吉,link,14
チョコレートプラネット,さまぁ〜ず,link,12
チョコレートプラネット,後藤輝基,link,10
チョコレートプラネット,かまいたち_(お笑いコンビ),link,35
チョコレートプラネット,シソンヌ_(お笑いコンビ),link,422
チョコレートプラネット,菊池風磨,link,11
ティモンディ,サンドウィッチマン_(お笑いコンビ),link,15
ナイツ_(お笑いコンビ),錦鯉_(お笑いコンビ),link,73
ナイツ_(お笑いコンビ),サンドウィッチマン_(お笑いコンビ),link,10
ナイツ_(お笑いコンビ),タカアンドトシ,link,12
ナイツ_(お笑いコンビ),博多華丸・大吉,link,10
錦鯉_(お笑いコンビ),ナイツ_(お笑いコンビ),link,15
錦鯉_(お笑いコンビ),サンドウィッチマン_(お笑いコンビ),link,81
錦鯉_(お笑いコンビ),渡辺大知,link,41
錦鯉_(お笑いコンビ),笑福亭鶴瓶,link,64
錦鯉_(お笑いコンビ),タカアンドトシ,link,813
錦鯉_(お笑いコンビ),小峠英二,link,72
錦鯉_(お笑いコンビ),斉藤由貴,link,167
錦鯉_(お笑いコンビ),澤部佑,link,14
錦鯉_(お笑いコンビ),ブラックマヨネーズ,link,205
錦鯉_(お笑いコンビ),ミルクボーイ,link,23
錦鯉_(お笑いコンビ),博多華丸・大吉,link,65
ニューヨーク_(お笑いコンビ),ファーストサマーウイカ,link,93
ニューヨーク_(お笑いコンビ),二宮和也,link,29
ニューヨーク_(お笑いコンビ),EXIT_(お笑いコンビ),link,10
ニューヨーク_(お笑いコンビ),市原隼人,link,13
ニューヨーク_(お笑いコンビ),見取り図_(お笑いコンビ),link,11
ニューヨーク_(お笑いコンビ),カズレーザー,link,608
ニューヨーク_(お笑いコンビ),ミルクボーイ,link,37
ニューヨーク_(お笑いコンビ),田村淳,link,14
ニューヨーク_(お笑いコンビ),横澤夏子,link,230
ニューヨーク_(お笑いコンビ),河合郁人,link,68
博多華丸・大吉,ウド鈴木,link,59
博多華丸・大吉,矢部浩之,link,17
博多華丸・大吉,カンニング竹山,link,348
博多華丸・大吉,サンドウィッチマン_(お笑いコンビ),link,27
博多華丸・大吉,松本人志,link,17
博多華丸・大吉,千原ジュニア,link,11
博多華丸・大吉,原田泰造,link,50
博多華丸・大吉,千鳥_(お笑いコンビ),link,19
博多華丸・大吉,堀内健,link,36
博多華丸・大吉,川平慈英,link,16
ブラックマヨネーズ,後藤輝基,link,20
ブラックマヨネーズ,優木まおみ,link,19
ブラックマヨネーズ,陣内智則,link,29
ブラックマヨネーズ,有吉弘行,link,14
ぺこぱ,上戸彩,link,11
ぺこぱ,和牛_(お笑いコンビ),link,13
ミキ_(お笑いコンビ),ビートたけし,link,50
見取り図_(お笑いコンビ),霜降り明星,link,49
見取り図_(お笑いコンビ),かまいたち_(お笑いコンビ),link,93
見取り図_(お笑いコンビ),リリー・フランキー,link,587
見取り図_(お笑いコンビ),川島明,link,33
見取り図_(お笑いコンビ),ニューヨーク_(お笑いコンビ),link,218
見取り図_(お笑いコンビ),木梨憲武,link,58
ミルクボーイ,ナイツ_(お笑いコンビ),link,14
ミルクボーイ,霜降り明星,link,139
ミルクボーイ,松本人志,link,11
ミルクボーイ,かまいたち_(お笑いコンビ),link,10
ミルクボーイ,高橋茂雄,link,20
ミルクボーイ,今田耕司,link,20
四千頭身,上白石萌音,link,22
和牛_(お笑いコンビ),霜降り明星,link,124
和牛_(お笑いコンビ),かまいたち_(お笑いコンビ),link,980
和牛_(お笑いコンビ),ミキ_(お笑いコンビ),link,32
和牛_(お笑いコンビ),ミルクボーイ,link,12
和牛_(お笑いコンビ),ぺこぱ,link,123
相武紗季,木南晴夏,link,779
蒼井優,高畑充希,link,62
蒼井優,山崎静代,link,222
蒼井優,宮﨑あおい,link,125
蒼井優,安藤サクラ,link,92
蒼井優,満島ひかり,link,86
蒼井優,小松菜奈,link,11
蒼井優,山里亮太,link,1405
蒼井優,早見あかり,link,16
葵わかな,中村ゆりか,link,20
葵わかな,永野芽郁,link,262
秋田汐梨,萩原みのり,link,22
秋元梢,松田翔太,link,1102
秋元梢,松田龍平,link,322
浅川梨奈,平祐奈,link,23
浅川梨奈,浜辺美波,link,27
浅田舞,浅田真央,link,3941
浅田真央,羽生結弦,link,15
浅田真央,浅田舞,link,2281
浅田真央,大地真央,link,64
浅田美代子,関根勤,link,20
浅田美代子,石野真子,link,248
浅田美代子,明石家さんま,link,47
浅野ゆう子,風吹ジュン,link,48
浅野ゆう子,唐沢寿明,link,73
朝日奈央,SHELLY,link,42
朝日奈央,百田夏菜子,link,137
朝日奈央,玉木宏,link,10
朝日奈央,バカリズム,link,71
朝日奈央,井森美幸,link,11
朝日奈央,滝沢カレン,link,64
朝日奈央,夏菜,link,69
朝日奈央,松岡茉優,link,217
朝比奈彩,山下健二郎,link,4329
朝比奈彩,北川景子,link,151
芦田愛菜,鈴木福,link,1293
麻生久美子,鶴田真由,link,96
麻生久美子,オダギリジョー,link,30
麻生祐未,名取裕子,link,20
安達祐実,仁村紗和,link,46
安達祐実,芦田愛菜,link,178
足立梨花,染谷将太,link,157
足立梨花,石原さとみ,link,57
足立梨花,桜庭ななみ,link,107
天海祐希,常盤貴子,link,218
天海祐希,吉永小百合,link,55
天海祐希,竹野内豊,link,157
天海祐希,豊嶋花,link,397
天海祐希,唐沢寿明,link,27
天海祐希,大地真央,link,469
天海祐希,深津絵里,link,340
天海祐希,竹中直人,link,30
天海祐希,米倉涼子,link,239
綾瀬はるか,中谷美紀,link,64
綾瀬はるか,夏帆,link,71
綾瀬はるか,広瀬すず,link,262
綾瀬はるか,多部未華子,link,151
綾瀬はるか,長澤まさみ,link,731
綾瀬はるか,板谷由夏,link,107
綾瀬はるか,木村拓哉,link,10
綾瀬はるか,新垣結衣,link,12
綾瀬はるか,石原さとみ,link,21
綾瀬はるか,小日向文世,link,60
綾瀬はるか,吹石一恵,link,66
綾瀬はるか,寺島しのぶ,link,23
綾瀬はるか,深津絵里,link,95
綾瀬はるか,中井貴一,link,21
綾瀬はるか,松たか子,link,52
綾瀬はるか,関水渚,link,17
綾瀬はるか,深田恭子,link,10
綾瀬はるか,藤木直人,link,30
綾瀬はるか,井ノ原快彦,link,16
新井恵理那,岡田准一,link,17
新垣結衣,夏帆,link,11
新垣結衣,星野源,link,4382
新垣結衣,多部未華子,link,655
新垣結衣,長澤まさみ,link,12
新垣結衣,比嘉愛未,link,603
新垣結衣,蓮佛美沙子,link,575
新垣結衣,松田龍平,link,10
新垣結衣,綾瀬はるか,link,18
新垣結衣,南沙良,link,46
新垣結衣,戸田恵梨香,link,372
新木優子,谷まりあ,link,332
新木優子,有田哲平,link,16
新木優子,福士蒼汰,link,13
新木優子,高良健吾,link,73
新木優子,山崎弘也,link,52
有村架純,二宮和也,link,21
有村架純,菅田将暉,link,17
有村架純,星野源,link,54
有村架純,松本穂香,link,176
有村架純,高畑充希,link,1156
有村架純,相葉雅紀,link,17
有村架純,坂口健太郎,link,246
有村架純,浜辺美波,link,14
有村架純,佐久間由衣,link,376
有村架純,森川葵,link,1083
有村架純,二階堂ふみ,link,971
アンミカ,千鳥_(お笑いコンビ),link,44
アンミカ,矢沢永吉,link,12
安藤サクラ,柄本時生,link,2693
安藤サクラ,リリー・フランキー,link,30
安藤サクラ,トータス松本,link,61
安藤サクラ,奥田瑛二,link,8009
安藤サクラ,川栄李奈,link,272
安藤サクラ,満島ひかり,link,304
安藤サクラ,柄本佑,link,11818
安藤サクラ,柄本明,link,2798
安藤サクラ,西田敏行,link,11
飯豊まりえ,武田玲奈,link,41
飯豊まりえ,西野七瀬,link,89
飯豊まりえ,玉城ティナ,link,315
飯豊まりえ,杉野遥亮,link,10
飯豊まりえ,鈴鹿央士,link,26
飯豊まりえ,ベッキー,link,12
生田絵梨花,大原櫻子,link,50
生田絵梨花,島崎遥香,link,74
生田絵梨花,松井玲奈,link,241
生田絵梨花,城田優,link,11
生田絵梨花,池田エライザ,link,362
生田絵梨花,白石麻衣,link,149
生田絵梨花,川口春奈,link,46
池田エライザ,山本美月,link,60
池田エライザ,松井愛莉,link,119
池田エライザ,生田絵梨花,link,98
池田エライザ,柳ゆり菜,link,26
池田エライザ,上白石萌音,link,12
池田エライザ,浅野忠信,link,14
池田エライザ,古畑星夏,link,55
井桁弘恵,賀来賢人,link,10
井桁弘恵,小川紗良,link,2185
井桁弘恵,山崎育三郎,link,109
池田美優,藤田ニコル,link,221
池田美優,有吉弘行,link,48
池脇千鶴,井上真央,link,28
池脇千鶴,妻夫木聡,link,11
生駒里奈,松井玲奈,link,89
生駒里奈,指原莉乃,link,13
生駒里奈,小嶋陽菜,link,55
生駒里奈,西野七瀬,link,34
生駒里奈,足立梨花,link,43
生駒里奈,生田絵梨花,link,67
生駒里奈,白石麻衣,link,66
生駒里奈,宮脇咲良,link,29
石田ニコル,藤田ニコル,link,48
石田ひかり,石田ゆり子,link,3874
石田ゆり子,板谷由夏,link,174
石田ゆり子,石田ひかり,link,5082
石野真子,浜田雅功,link,15
石野真子,松田聖子,link,14
石野真子,浅田美代子,link,75
石野真子,沢村一樹,link,20
石橋静河,原田美枝子,link,1026
石原さとみ,長澤まさみ,link,11
石原さとみ,新垣結衣,link,10
石原さとみ,松本まりか,link,595
石原さとみ,市村正親,link,17
泉里香,北川景子,link,353
磯野貴理子,島崎和歌子,link,31
磯野貴理子,森尾由美,link,268
磯山さやか,MEGUMI,link,30
磯山さやか,酒井若菜,link,95
磯山さやか,安めぐみ,link,50
板谷由夏,細田佳央太,link,13
板谷由夏,石田ゆり子,link,172
板谷由夏,藤木直人,link,174
市川実日子,瀧内公美,link,153
市川実日子,田辺誠一,link,18
市毛良枝,竹下景子,link,13
いとうあさこ,黒沢かずこ,link,33
いとうあさこ,ガンバレルーヤ,link,12
いとうあさこ,板尾創路,link,41
伊藤沙莉,吉岡里帆,link,124
伊藤沙莉,松岡茉優,link,353
伊藤沙莉,佐久間由衣,link,327
井上咲楽,石原さとみ,link,76
井上咲楽,宮脇咲良,link,78
井上咲楽,有村架純,link,142
井上真央,池脇千鶴,link,68
井上真央,松田翔太,link,44
井上真央,松たか子,link,16
井上真央,岸部一徳,link,24
伊原六花,宮﨑あおい,link,72
伊原六花,山之内すず,link,65
今田美桜,奈緒,link,755
今田美桜,神尾楓珠,link,28
今田美桜,多部未華子,link,12
今田美桜,綾野剛,link,52
今田美桜,小芝風花,link,15
今田美桜,杉咲花,link,230
今田美桜,永野芽郁,link,399
今田美桜,満島ひかり,link,165
今田美桜,中井貴一,link,36
今田美桜,岡崎紗絵,link,279
今田美桜,川口春奈,link,13
今田美桜,有村架純,link,15
IMALU,大竹しのぶ,link,694
IMALU,葵わかな,link,35
IMALU,明石家さんま,link,477
IMALU,仲里依紗,link,15
芋生悠,武田梨奈,link,364
井本彩花,イモトアヤコ,link,14
イモトアヤコ,成海璃子,link,45
イモトアヤコ,柳原可奈子,link,30
イモトアヤコ,北川景子,link,155
イモトアヤコ,城田優,link,22
イモトアヤコ,井本彩花,link,62
イモトアヤコ,堀内健,link,10
井森美幸,鈴木保奈美,link,35
井森美幸,斉藤由貴,link,32
井森美幸,中山秀征,link,60
井森美幸,南野陽子,link,36
井森美幸,中山美穂,link,36
上戸彩,ベッキー,link,97
上戸彩,今田耕司,link,53
上野樹里,長澤まさみ,link,97
上野樹里,玉木宏,link,10
上野樹里,永山瑛太,link,14
上野樹里,吉高由里子,link,325
上野樹里,鈴木京香,link,14
上野樹里,岸谷五朗,link,86
上野樹里,蒼井優,link,17
宇賀なつみ,観月ありさ,link,318
宇賀なつみ,田中みな実,link,375
宇賀なつみ,山里亮太,link,17
宇垣美里,鷲見玲奈,link,106
宇多田ヒカル,又吉直樹,link,12
内田有紀,風吹ジュン,link,16
内田有紀,吉岡秀隆,link,8720
榮倉奈々,水川あさみ,link,119
榮倉奈々,長澤まさみ,link,162
榮倉奈々,篠原涼子,link,48
榮倉奈々,賀来賢人,link,5470
榮倉奈々,高橋克実,link,10
榮倉奈々,安田顕,link,18
榮倉奈々,賀来千香子,link,562
榮倉奈々,豊川悦司,link,10
榮倉奈々,西田敏行,link,27
江口のりこ,真木よう子,link,1318
江口のりこ,ムロツヨシ,link,82
江口のりこ,柄本明,link,830
蛯原友里,押切もえ,link,130
大久保佳代子,いとうあさこ,link,12
大久保佳代子,土田晃之,link,38
大久保佳代子,光浦靖子,link,5928
大沢あかね,劇団ひとり,link,1411
大沢あかね,オダギリジョー,link,47
大島美幸,村上知子,link,386
大島美幸,黒沢かずこ,link,386
大島優子,指原莉乃,link,16
大島優子,高橋みなみ,link,23
大島優子,林遣都,link,3045
大島優子,香川照之,link,13
大島優子,永作博美,link,26
大島優子,榮倉奈々,link,30
大島優子,吉高由里子,link,37
大島優子,前田敦子,link,183
大島優子,菜々緒,link,25
大島優子,戸田恵梨香,link,59
大竹しのぶ,IMALU,link,1931
大竹しのぶ,池脇千鶴,link,22
大竹しのぶ,明石家さんま,link,1661
大塚寧々,田辺誠一,link,1345
大友花恋,横田真悠,link,111
大友花恋,桜田ひより,link,39
大友花恋,水谷果穂,link,210
大友花恋,永野芽郁,link,86
大友花恋,田辺桃子,link,116
大野いと,綾瀬はるか,link,12
大政絢,夏帆,link,22
大政絢,宮﨑あおい,link,18
大政絢,佐々木希,link,177
大政絢,高岡早紀,link,72
大政絢,波瑠,link,224
岡崎紗絵,広瀬すず,link,33
岡崎紗絵,浜辺美波,link,10
岡崎紗絵,新川優愛,link,10
岡副麻希,桐谷美玲,link,28
岡田結実,中村ゆりか,link,10
岡田結実,浜田雅功,link,21
岡田結実,出川哲朗,link,18
岡田結実,濱田岳,link,53
岡田結実,岡田圭右,link,1961
岡本夏美,平祐奈,link,20
岡本夏美,浜辺美波,link,23
岡本夏美,坂ノ上茜,link,21
岡本夏美,堀田真由,link,128
岡本玲,新垣結衣,link,19
岡本玲,蒼井優,link,17
小川紗良,井桁弘恵,link,95
奥貫薫,福山雅治,link,16
小倉優子,有吉弘行,link,21
押切もえ,蛯原友里,link,279
押切もえ,陣内智則,link,16
押切もえ,藤原紀香,link,32
乙葉,藤井隆,link,3927
小野花梨,若月佑美,link,10
小野花梨,風間俊介,link,18
おのののか,小倉優子,link,16
おのののか,菜々緒,link,28
尾野真千子,池脇千鶴,link,34
賀来千香子,佐野史郎,link,32
賀来千香子,賀来賢人,link,2959
筧美和子,鈴木ゆうか,link,10
筧美和子,新川優愛,link,217
柏木由紀,指原莉乃,link,37
柏木由紀,小嶋陽菜,link,20
柏木由紀,大島優子,link,30
柏木由紀,高橋みなみ,link,64
柏木由紀,生駒里奈,link,20
柏木由紀,宮脇咲良,link,69
片桐はいり,小林聡美,link,258
片平なぎさ,榊原郁恵,link,118
片平なぎさ,船越英一郎,link,95
加藤小夏,中谷美紀,link,12
加藤小夏,宮﨑あおい,link,10
門脇麦,宮﨑あおい,link,35
門脇麦,小松菜奈,link,125
門脇麦,蒼井優,link,34
夏帆,星野源,link,26
夏帆,長澤まさみ,link,40
夏帆,吉岡里帆,link,162
夏帆,岡田将生,link,61
夏帆,角田晃広,link,30
上白石萌歌,道枝駿佑,link,15
上白石萌歌,浜辺美波,link,12
上白石萌歌,上白石萌音,link,14484
上白石萌音,藤原さくら,link,78
上白石萌音,上白石萌歌,link,19364
上白石萌音,高畑充希,link,48
上白石萌音,井上真央,link,58
上白石萌音,風間俊介,link,48
上白石萌音,橋本環奈,link,31
上白石萌音,川栄李奈,link,61
上白石萌音,深津絵里,link,26
上白石萌音,松たか子,link,11
上白石萌音,松村北斗,link,14
上白石萌音,池田エライザ,link,50
上白石萌音,広瀬アリス,link,19
上白石萌音,宮脇咲良,link,295
茅島みずき,田鍋梨々花,link,22
茅島みずき,永野芽郁,link,79
河合優実,森山未來,link,79
河合優実,瀧内公美,link,30
川栄李奈,片寄涼太,link,22
川栄李奈,福地桃子,link,79
川栄李奈,大島優子,link,108
川栄李奈,志尊淳,link,407
川栄李奈,満島ひかり,link,43
川栄李奈,深津絵里,link,34
川栄李奈,上白石萌音,link,41
河北麻友子,成海璃子,link,246
河北麻友子,桐谷美玲,link,163
河北麻友子,本田望結,link,35
河北麻友子,萬田久子,link,110
川口春奈,大泉洋,link,13
川口春奈,志尊淳,link,109
川口春奈,仲里依紗,link,341
川口春奈,菅野美穂,link,73
川口春奈,有村架純,link,10
川島海荷,新垣結衣,link,54
川島海荷,志田未来,link,988
川島海荷,宮﨑あおい,link,61
川島海荷,柴咲コウ,link,32
川島海荷,福山雅治,link,13
川島海荷,西田敏行,link,11
貫地谷しほり,本仮屋ユイカ,link,83
貫地谷しほり,北川景子,link,39
貫地谷しほり,比嘉愛未,link,80
菅野美穂,MEGUMI,link,43
菅野美穂,和久井映見,link,177
菅野美穂,水野美紀,link,27
菅野美穂,有田哲平,link,12
菅野美穂,榮倉奈々,link,56
菅野美穂,堺雅人,link,2774
菅野美穂,山崎弘也,link,32
菅野莉央,神木隆之介,link,102
菅野莉央,黒木瞳,link,12
菊池桃子,鈴木保奈美,link,14
菊池桃子,吉川晃司,link,23
菊池桃子,井森美幸,link,14
菊池桃子,斉藤由貴,link,22
菊池桃子,南野陽子,link,41
菊池桃子,中山美穂,link,30
岸井ゆきの,小関裕太,link,16
岸井ゆきの,北村匠海,link,11
貴島明日香,マーシュ彩,link,84
北川景子,平手友梨奈,link,75
北川景子,DAIGO,link,6519
北川景子,浜辺美波,link,31
北川景子,石原さとみ,link,11
北川景子,永野芽郁,link,64
北川景子,田辺桃子,link,25
北川景子,吉岡里帆,link,449
北乃きい,新垣結衣,link,27
北乃きい,井ノ原快彦,link,12
吉瀬美智子,志田未来,link,26
吉瀬美智子,北村一輝,link,1219
吉瀬美智子,上戸彩,link,347
吉瀬美智子,羽田美智子,link,125
吉瀬美智子,和田アキ子,link,36
木南晴夏,玉木宏,link,11839
木南晴夏,天海祐希,link,107
木南晴夏,相武紗季,link,2235
木村カエラ,永山絢斗,link,437
木村カエラ,きゃりーぱみゅぱみゅ,link,43
木村カエラ,永山瑛太,link,1986
木村文乃,木村佳乃,link,72
木村文乃,松田翔太,link,26
木村文乃,岡田将生,link,34
木村佳乃,市原隼人,link,11
木村佳乃,東山紀之,link,4141
木村佳乃,木村文乃,link,448
木村佳乃,瀬戸朝香,link,21
木村佳乃,木村多江,link,23
きゃりーぱみゅぱみゅ,益若つばさ,link,30
清原果耶,蒔田彩珠,link,30
清原果耶,広瀬すず,link,26
清原果耶,宮﨑あおい,link,35
清原果耶,杉咲花,link,30
清原果耶,吉高由里子,link,48
桐谷美玲,河北麻友子,link,396
桐谷美玲,三浦翔平,link,3073
草刈民代,草刈正雄,link,57
草刈民代,役所広司,link,14
草刈民代,安田顕,link,10
工藤美桜,小宮璃央,link,28
国仲涼子,向井理,link,4228
久保田紗友,横田真悠,link,186
久保田紗友,北川景子,link,11
久保田紗友,鈴鹿央士,link,12
久間田琳加,岡本夏美,link,27
久間田琳加,横田真悠,link,40
久間田琳加,飯豊まりえ,link,49
久間田琳加,清原果耶,link,41
久間田琳加,永野芽郁,link,134
久間田琳加,萩原みのり,link,25
久間田琳加,古畑星夏,link,112
倉科カナ,菊池風磨,link,56
倉科カナ,松たか子,link,36
栗山千明,山本舞香,link,37
黒木華,蒔田彩珠,link,82
黒木華,市川実日子,link,65
黒木華,余貴美子,link,51
黒木華,寺島しのぶ,link,25
黒木華,夏菜,link,22
黒木華,麻生久美子,link,161
黒木華,瀧内公美,link,74
黒木瞳,DAIGO,link,17
黒木瞳,北川景子,link,29
黒木瞳,天海祐希,link,11
黒木瞳,大地真央,link,546
黒木瞳,真矢ミキ,link,514
黒木瞳,紺野まひる,link,88
黒木瞳,千葉雄大,link,81
黒木瞳,小澤征悦,link,30
黒木瞳,水谷豊,link,27
黒沢かずこ,村上知子,link,292
黒沢かずこ,大島美幸,link,232
黒沢かずこ,いとうあさこ,link,71
黒島結菜,玉山鉄二,link,51
黒島結菜,小関裕太,link,15
黒島結菜,井上真央,link,46
黒島結菜,有吉弘行,link,15
黒島結菜,中条あやみ,link,235
黒島結菜,成海璃子,link,32
黒島結菜,満島ひかり,link,142
黒島結菜,戸田恵梨香,link,11
小池栄子,MEGUMI,link,258
小池栄子,松本人志,link,10
小池栄子,石橋貴明,link,11
小池栄子,寺田心,link,30
Cocomi,木村拓哉,link,379
小芝風花,倉科カナ,link,159
小芝風花,多部未華子,link,24
小芝風花,見取り図_(お笑いコンビ),link,11
小芝風花,小日向文世,link,10
小芝風花,中島健人,link,22
小芝風花,寺島しのぶ,link,56
小芝風花,吉岡里帆,link,222
小芝風花,安藤サクラ,link,102
小芝風花,満島ひかり,link,130
小芝風花,富田望生,link,279
小芝風花,菊池風磨,link,101
小芝風花,木南晴夏,link,154
小芝風花,佐久間由衣,link,193
小芝風花,今田美桜,link,10
小芝風花,安田顕,link,228
小芝風花,赤楚衛二,link,119
小芝風花,小澤征悦,link,52
小芝風花,蒼井優,link,81
小嶋陽菜,大島優子,link,40
小嶋陽菜,高橋みなみ,link,75
小嶋陽菜,生駒里奈,link,19
小嶋陽菜,前田敦子,link,52
小西桜子,田辺桃子,link,55
小林聡美,室井滋,link,110
小松菜奈,菅田将暉,link,2547
小松菜奈,清野菜名,link,455
小松菜奈,坂口健太郎,link,121
小松菜奈,杉咲花,link,219
小松菜奈,門脇麦,link,252
小松菜奈,蒼井優,link,181
近藤春菜,カンニング竹山,link,46
近藤春菜,水川あさみ,link,25
近藤春菜,小嶋陽菜,link,34
近藤春菜,足立梨花,link,11
近藤春菜,いとうあさこ,link,27
近藤春菜,六角精児,link,51
近藤春菜,吉高由里子,link,77
近藤春菜,設楽統,link,26
財前直見,中丸雄一,link,10
齋藤飛鳥,与田祐希,link,11
齋藤飛鳥,西野七瀬,link,11
齋藤飛鳥,生田絵梨花,link,11
齋藤飛鳥,山下美月,link,160
齋藤飛鳥,白石麻衣,link,74
斉藤由貴,黒木瞳,link,15
坂井真紀,松下由樹,link,27
坂井真紀,酒井美紀,link,167
坂井真紀,小林薫,link,16
酒井美紀,坂井真紀,link,171
酒井若菜,太田光,link,38
榊原郁恵,柳沢慎吾,link,10
榊原郁恵,片平なぎさ,link,92
榊原郁恵,唐沢寿明,link,19
坂下千里子,MEGUMI,link,41
坂ノ上茜,木村文乃,link,30
坂ノ上茜,吉岡里帆,link,113
坂ノ上茜,満島ひかり,link,21
佐久間由衣,伊藤沙莉,link,435
佐久間由衣,綾野剛,link,2017
佐久間由衣,石井杏奈,link,370
佐久間由衣,有村架純,link,44
桜井日奈子,間宮祥太朗,link,63
桜井日奈子,神尾楓珠,link,22
桜井日奈子,武田玲奈,link,571
桜井日奈子,北川景子,link,41
桜井日奈子,和牛_(お笑いコンビ),link,55
桜井ユキ,黒羽麻璃央,link,5230
桜井ユキ,角田晃広,link,11
桜田ひより,蒔田彩珠,link,18
桜田ひより,恒松祐里,link,10
桜田ひより,藤原大祐,link,19
桜田ひより,吉川愛,link,87
桜庭ななみ,長澤まさみ,link,20
桜庭ななみ,相武紗季,link,46
桜庭ななみ,戸田恵梨香,link,16
佐々木希,大政絢,link,725
指原莉乃,大島優子,link,16
指原莉乃,山﨑賢人,link,15
指原莉乃,高橋みなみ,link,28
指原莉乃,福士蒼汰,link,16
指原莉乃,前田敦子,link,16
指原莉乃,フワちゃん,link,75
指原莉乃,柏木由紀,link,155
指原莉乃,宮脇咲良,link,43
佐藤栞里,佐藤二朗,link,63
佐藤栞里,いとうあさこ,link,38
佐藤栞里,滝沢カレン,link,102
佐藤栞里,大政絢,link,23
沢口靖子,髙嶋政伸,link,36
沢口靖子,桑田佳祐,link,25
志田彩良,井浦新,link,58
志田彩良,伊武雅刀,link,43
志田彩良,加藤清史郎,link,168
志田彩良,鈴鹿央士,link,302
志田彩良,細田佳央太,link,433
志田未来,川島海荷,link,825
篠原涼子,佐藤隆太,link,11
篠原涼子,山崎育三郎,link,24
篠原涼子,市村正親,link,2261
柴咲コウ,広末涼子,link,38
柴咲コウ,鈴木砂羽,link,24
柴咲コウ,長澤まさみ,link,29
柴咲コウ,佐藤隆太,link,13
柴咲コウ,阿部サダヲ,link,10
柴咲コウ,天海祐希,link,21
柴咲コウ,北村一輝,link,23
柴咲コウ,榮倉奈々,link,45
柴咲コウ,白石美帆,link,179
柴咲コウ,堤真一,link,29
柴咲コウ,吉高由里子,link,140
柴咲コウ,福山雅治,link,67
柴咲コウ,妻夫木聡,link,40
柴田理恵,吉田鋼太郎,link,78
柴田理恵,久本雅美,link,433
渋谷凪咲,松本人志,link,16
渋谷凪咲,柏木由紀,link,86
島崎遥香,広瀬すず,link,18
島崎遥香,松井玲奈,link,44
島崎遥香,吉岡里帆,link,43
島崎遥香,森川葵,link,47
島崎和歌子,磯野貴理子,link,90
島崎和歌子,マツコ・デラックス,link,17
島崎和歌子,観月ありさ,link,66
島崎和歌子,深津絵里,link,56
島崎和歌子,和田アキ子,link,14
島崎和歌子,中居正広,link,53
島崎和歌子,中山美穂,link,13
島崎和歌子,今田耕司,link,12
清水ミチコ,桃井かおり,link,16
清水ミチコ,大竹しのぶ,link,25
清水ミチコ,壇蜜,link,10
趣里,武田鉄矢,link,48
趣里,前田敦子,link,1533
趣里,水谷豊,link,14398
白石麻衣,森絵梨佳,link,47
白石麻衣,大原櫻子,link,110
白石麻衣,西野七瀬,link,292
白石麻衣,壇蜜,link,18
白石麻衣,石原さとみ,link,32
白石麻衣,生田絵梨花,link,204
白石麻衣,生駒里奈,link,104
白石麻衣,佐々木希,link,27
白石麻衣,山下美月,link,35
白石麻衣,齋藤飛鳥,link,10
白石美帆,比嘉愛未,link,28
白石美帆,柴咲コウ,link,17
新川優愛,天海祐希,link,23
新川優愛,岡崎紗絵,link,54
新川優愛,筧美和子,link,310
杉咲花,広瀬すず,link,35
杉咲花,木村拓哉,link,37
杉咲花,志田未来,link,326
杉咲花,清原果耶,link,58
杉咲花,宮沢りえ,link,89
杉咲花,山口智充,link,43
杉本彩,南原清隆,link,17
鈴木京香,長澤まさみ,link,120
鈴木京香,長谷川博己,link,10
鈴木京香,上野樹里,link,41
鈴木京香,若村麻由美,link,43
鈴木京香,深田恭子,link,11
鈴木奈々,益若つばさ,link,198
鈴木保奈美,江口洋介,link,150
鈴木保奈美,織田裕二,link,72
鈴木保奈美,石橋貴明,link,754
鈴木ゆうか,桐谷美玲,link,10
鈴木梨央,浅田真央,link,24
鈴木梨央,吉田羊,link,147
鈴木梨央,芦田愛菜,link,365
鈴木梨央,満島ひかり,link,26
鈴木梨央,綾瀬はるか,link,26
清野菜名,生田斗真,link,2619
清野菜名,橋本環奈,link,14
清野菜名,永野芽郁,link,24
清野菜名,小松菜奈,link,291
関水渚,長澤まさみ,link,49
関水渚,石原さとみ,link,21
関水渚,細田佳央太,link,115
瀬戸朝香,仲間由紀恵,link,29
瀬戸朝香,井ノ原快彦,link,1219
大地真央,今野浩喜,link,81
大地真央,黒木瞳,link,309
大地真央,松平健,link,941
平祐奈,岡本夏美,link,36
平祐奈,馬場ふみか,link,30
高岡早紀,田中律子,link,93
高嶋ちさ子,髙嶋政宏,link,929
高嶋ちさ子,松本人志,link,25
高嶋ちさ子,髙嶋政伸,link,506
高嶋ちさ子,高田純次,link,259
高島礼子,黒谷友香,link,79
高島礼子,松平健,link,10
高梨臨,佐藤隆太,link,12
高梨臨,吉高由里子,link,20
髙橋ひかる,井本彩花,link,15
髙橋ひかる,白石麻衣,link,16
高橋ひとみ,IKKO,link,14
高橋ひとみ,中井貴一,link,36
高橋ひとみ,西村まさ彦,link,25
高橋真麻,田中卓志,link,32
高橋みなみ,小嶋陽菜,link,44
高橋みなみ,大島優子,link,34
高橋みなみ,須賀健太,link,17
高橋みなみ,前田敦子,link,48
高橋みなみ,柏木由紀,link,16
高畑淳子,北川景子,link,96
高畑充希,大竹しのぶ,link,19
高畑充希,柄本時生,link,50
高畑充希,池松壮亮,link,35
高畑充希,城田優,link,10
高畑充希,黒木瞳,link,46
高畑充希,田中みな実,link,35
高畑充希,前田敦子,link,32
高畑充希,森川葵,link,162
高畑充希,キムラ緑子,link,43
高畑充希,有村架純,link,128
瀧内公美,笹野高史,link,83
瀧内公美,河合優実,link,101
瀧内公美,柄本佑,link,91
滝川クリステル,小泉孝太郎,link,630
滝沢カレン,明石家さんま,link,22
滝沢カレン,満島ひかり,link,27
瀧本美織,山本舞香,link,43
瀧本美織,麻生久美子,link,58
竹下景子,原日出子,link,14
竹下景子,戸田恵子,link,90
竹下景子,高橋惠子,link,48
竹下景子,宮崎美子,link,14
竹下景子,市毛良枝,link,21
武田梨奈,武田玲奈,link,97
武田玲奈,飯豊まりえ,link,15
武田玲奈,武田梨奈,link,155
武田玲奈,新垣結衣,link,25
武田玲奈,箭内夢菜,link,123
武田玲奈,桜井日奈子,link,141
武田玲奈,岡山天音,link,16
田中みな実,藤井隆,link,18
田中みな実,羽鳥慎一,link,59
田中みな実,宮根誠司,link,49
田中みな実,山口紗弥加,link,173
田中みな実,宇賀なつみ,link,331
田中律子,高岡早紀,link,18
田中麗奈,多部未華子,link,20
田辺桃子,大友花恋,link,68
田辺桃子,小西桜子,link,36
田辺桃子,森田想,link,59
田鍋梨々花,秋田汐梨,link,28
谷まりあ,出川哲朗,link,23
多部未華子,神尾楓珠,link,93
多部未華子,松下洸平,link,120
多部未華子,今田美桜,link,146
玉城ティナ,飯豊まりえ,link,189
玉城ティナ,松本穂香,link,10
玉城ティナ,島崎遥香,link,27
檀れい,及川光博,link,7025
土村芳,三浦貴大,link,17
土村芳,黒木華,link,78
土村芳,芳根京子,link,34
土屋アンナ,DAIGO,link,35
土屋アンナ,夏木マリ,link,35
土屋アンナ,春日俊彰,link,19
土屋アンナ,深田恭子,link,19
土屋太鳳,片寄涼太,link,5237
土屋太鳳,津田寛治,link,24
土屋太鳳,浜田雅功,link,86
土屋太鳳,長谷川博己,link,11
土屋太鳳,山﨑賢人,link,103
土屋太鳳,出川哲朗,link,12
土屋太鳳,香川照之,link,18
土屋太鳳,イモトアヤコ,link,26
土屋太鳳,柴咲コウ,link,22
土屋太鳳,蒼井優,link,28
恒松祐里,上野樹里,link,45
恒松祐里,浜辺美波,link,38
恒松祐里,清原果耶,link,46
恒松祐里,黒木華,link,30
椿鬼奴,松本人志,link,14
椿鬼奴,千鳥_(お笑いコンビ),link,45
出口夏希,横田真悠,link,59
出口夏希,広瀬すず,link,62
出口夏希,山本舞香,link,348
出口夏希,山本美月,link,564
出口夏希,森七菜,link,154
出口夏希,櫻井海音,link,306
出口夏希,南沙良,link,171
寺島しのぶ,市川團十郎_(13代目),link,91
寺島しのぶ,樋口可南子,link,10
寺島しのぶ,豊川悦司,link,39
當真あみ,長澤まさみ,link,43
常盤貴子,吉田美月喜,link,95
常盤貴子,深津絵里,link,191
常盤貴子,鈴木京香,link,85
常盤貴子,菅野美穂,link,11
常盤貴子,妻夫木聡,link,23
常盤貴子,豊川悦司,link,68
徳永えり,新垣結衣,link,11
徳永えり,吉岡里帆,link,48
徳永えり,濱田岳,link,12
戸田恵梨香,中谷美紀,link,59
戸田恵梨香,大竹しのぶ,link,35
戸田恵梨香,大島優子,link,211
戸田恵梨香,新垣結衣,link,416
戸田恵梨香,松田翔太,link,26
戸田恵梨香,北川景子,link,10
戸田恵梨香,比嘉愛未,link,337
戸田恵梨香,永野芽郁,link,32
戸田恵梨香,加瀬亮,link,29
戸田恵梨香,松坂桃李,link,2733
戸田恵子,竹下景子,link,95
戸田菜穂,鈴木保奈美,link,20
戸田菜穂,戸田恵梨香,link,88
富田望生,広瀬すず,link,75
富田望生,山崎静代,link,26
富田望生,渡辺直美,link,24
富田靖子,松下由樹,link,51
富田靖子,イモトアヤコ,link,17
富田靖子,深津絵里,link,27
富田靖子,薬師丸ひろ子,link,18
ともさかりえ,山口紗弥加,link,339
ともさかりえ,堂本剛,link,70
友近,藤原紀香,link,13
豊嶋花,芦田愛菜,link,27
豊嶋花,天海祐希,link,24
豊嶋花,長澤樹,link,14
トラウデン直美,谷原章介,link,17
トリンドル玲奈,蓮佛美沙子,link,78
奈緒,松下奈緒,link,65
奈緒,高橋一生,link,17
奈緒,永山瑛太,link,298
奈緒,永野芽郁,link,259
奈緒,木梨憲武,link,20
奈緒,小松菜奈,link,157
奈緒,松田龍平,link,36
仲里依紗,中尾明慶,link,11242
中川翔子,LiLiCo,link,44
中川翔子,松田聖子,link,11
永作博美,夏川結衣,link,21
長澤樹,豊嶋花,link,24
長澤まさみ,夏帆,link,414
長澤まさみ,広瀬すず,link,188
長澤まさみ,上野樹里,link,69
長澤まさみ,新垣結衣,link,17
長澤まさみ,石原さとみ,link,15
長澤まさみ,柴咲コウ,link,309
長澤まさみ,松たか子,link,200
長澤まさみ,見上愛,link,67
長澤まさみ,鈴木京香,link,11
長澤まさみ,岡田将生,link,82
長澤まさみ,広瀬アリス,link,46
長澤まさみ,綾瀬はるか,link,581
長澤まさみ,山下智久,link,38
中島セナ,奥平大兼,link,53
中島セナ,井手上漠,link,11
中条あやみ,水川あさみ,link,33
中条あやみ,広瀬すず,link,74
中条あやみ,武井壮,link,40
中条あやみ,田鍋梨々花,link,23
中条あやみ,黒島結菜,link,305
中条あやみ,江口のりこ,link,10
中条あやみ,新川優愛,link,316
中条あやみ,森川葵,link,13
中条あやみ,豊川悦司,link,17
中条あやみ,三吉彩花,link,332
中谷美紀,池脇千鶴,link,17
中谷美紀,永作博美,link,54
中谷美紀,大沢たかお,link,18
中谷美紀,綾瀬はるか,link,117
永野芽郁,奈緒,link,308
永野芽郁,広瀬すず,link,14
永野芽郁,多部未華子,link,53
永野芽郁,葵わかな,link,249
永野芽郁,結木滉星,link,90
永野芽郁,坂口健太郎,link,89
永野芽郁,浜辺美波,link,12
永野芽郁,今田美桜,link,940
永野芽郁,深田恭子,link,30
永野芽郁,吉瀬美智子,link,35
永野芽郁,戸田恵梨香,link,74
長濱ねる,上白石萌歌,link,18
長濱ねる,平手友梨奈,link,48
長濱ねる,若林正恭,link,11
仲間由紀恵,生瀬勝久,link,148
仲間由紀恵,常盤貴子,link,190
仲間由紀恵,宮﨑あおい,link,19
仲間由紀恵,吉高由里子,link,16
仲間由紀恵,阿部寛,link,201
仲間由紀恵,ともさかりえ,link,37
中村ゆり,中村ゆりか,link,119
中村ゆり,伊藤歩,link,21
中村ゆりか,中村ゆり,link,150
中山美穂,井森美幸,link,18
中山美穂,斉藤由貴,link,20
中山美穂,永瀬正敏,link,75
中山美穂,南野陽子,link,53
夏川結衣,余貴美子,link,48
夏川結衣,池脇千鶴,link,13
夏川結衣,鈴木砂羽,link,25
夏川結衣,永作博美,link,42
夏川結衣,堤真一,link,10
夏川結衣,阿部寛,link,68
夏木マリ,土屋アンナ,link,30
夏木マリ,シシド・カフカ,link,38
夏菜,三浦貴大,link,41
夏菜,矢田亜希子,link,43
夏菜,新川優愛,link,14
夏菜,波瑠,link,63
名取裕子,三浦友和,link,16
名取裕子,麻生祐未,link,14
名取裕子,片平なぎさ,link,146
名取裕子,六角精児,link,114
菜々緒,蛯原友里,link,175
菜々緒,ダレノガレ明美,link,50
菜々緒,栗山千明,link,50
菜々緒,山本美月,link,26
菜々緒,長澤まさみ,link,124
菜々緒,玉城ティナ,link,30
菜々緒,壇蜜,link,38
菜々緒,ローラ_(モデル),link,32
菜々緒,佐々木希,link,17
菜々緒,吉高由里子,link,16
菜々緒,押切もえ,link,19
菜々緒,水原希子,link,23
菜々緒,浅野忠信,link,59
菜々緒,広瀬アリス,link,70
菜々緒,マギー_(モデル),link,19
成海璃子,河北麻友子,link,25
成海璃子,山本舞香,link,40
成海璃子,三浦貴大,link,11
成海璃子,仲間由紀恵,link,12
成海璃子,臼田あさ美,link,25
二階堂ふみ,真木よう子,link,31
二階堂ふみ,染谷将太,link,132
二階堂ふみ,宮﨑あおい,link,179
二階堂ふみ,役所広司,link,31
二階堂ふみ,山下智久,link,19
二階堂ふみ,有村架純,link,454
西野七瀬,飯豊まりえ,link,237
西野七瀬,松本穂香,link,30
西野七瀬,与田祐希,link,83
西野七瀬,新垣結衣,link,35
西野七瀬,生田絵梨花,link,14
西野七瀬,滝沢カレン,link,11
西野七瀬,生駒里奈,link,17
西野七瀬,田中みな実,link,11
西野七瀬,山下美月,link,49
西野七瀬,齋藤飛鳥,link,319
西野七瀬,白石麻衣,link,253
仁村紗和,安達祐実,link,16
生見愛瑠,高橋文哉,link,615
萩原みのり,古川琴音,link,189
萩原みのり,久保田紗友,link,35
萩原みのり,芳根京子,link,959
橋本環奈,大泉洋,link,18
橋本環奈,渡部篤郎,link,11
橋本環奈,清野菜名,link,44
橋本環奈,広瀬すず,link,21
橋本環奈,福地桃子,link,35
橋本環奈,長澤まさみ,link,16
橋本環奈,有吉弘行,link,28
橋本環奈,中島裕翔,link,13
橋本環奈,重岡大毅,link,16
橋本環奈,小芝風花,link,17
橋本環奈,浜辺美波,link,1273
橋本環奈,ムロツヨシ,link,18
橋本環奈,佐藤勝利,link,18
橋本環奈,川栄李奈,link,27
橋本環奈,小栗旬,link,11
橋本環奈,上白石萌音,link,132
橋本環奈,薬師丸ひろ子,link,26
橋本環奈,平野紫耀,link,29
橋本環奈,川口春奈,link,25
長谷川京子,藤原紀香,link,20
畑芽育,木村文乃,link,238
馬場ふみか,吉沢亮,link,13
馬場ふみか,古川雄大,link,23
浜辺美波,岡本夏美,link,159
浜辺美波,福原遥,link,571
浜辺美波,髙嶋政宏,link,294
浜辺美波,久間田琳加,link,12
浜辺美波,広瀬すず,link,34
浜辺美波,髙嶋政伸,link,156
浜辺美波,大友花恋,link,210
浜辺美波,長澤まさみ,link,10
浜辺美波,有吉弘行,link,124
浜辺美波,橋本環奈,link,2599
浜辺美波,福本莉子,link,480
浜辺美波,賀来賢人,link,111
浜辺美波,土屋太鳳,link,11
浜辺美波,永野芽郁,link,10
浜辺美波,川栄李奈,link,575
浜辺美波,北村匠海,link,260
浜辺美波,新田真剣佑,link,97
浜辺美波,池田エライザ,link,531
浜辺美波,横浜流星,link,93
浜辺美波,森川葵,link,289
浜辺美波,岡崎紗絵,link,287
浜辺美波,有村架純,link,21
原沙知絵,沢村一樹,link,15
原沙知絵,中村俊介,link,16
原菜乃華,宮世琉弥,link,387
原日出子,宮崎美子,link,14
原田知世,安田成美,link,12
原田知世,薬師丸ひろ子,link,103
原田美枝子,石橋静河,link,738
波瑠,山本舞香,link,36
波瑠,成海璃子,link,51
波瑠,小栗旬,link,20
波瑠,大政絢,link,99
比嘉愛未,新垣結衣,link,442
比嘉愛未,三浦翔平,link,28
比嘉愛未,戸田恵梨香,link,397
樋口可南子,原田美枝子,link,58
ヒコロヒー,霜降り明星,link,693
ヒコロヒー,バカリズム,link,12
ヒコロヒー,3時のヒロイン,link,73
ヒコロヒー,ブラックマヨネーズ,link,16
ヒコロヒー,設楽統,link,18
久本雅美,柴田理恵,link,288
久本雅美,渡辺えり,link,25
久本雅美,古田新太,link,32
久本雅美,福山雅治,link,29
平岩紙,阿部サダヲ,link,13
平手友梨奈,市川染五郎_(8代目),link,798
平手友梨奈,北川景子,link,74
平手友梨奈,土屋太鳳,link,55
平手友梨奈,木村文乃,link,75
平手友梨奈,生駒里奈,link,48
平手友梨奈,岡田准一,link,57
平手友梨奈,小松菜奈,link,123
平手友梨奈,白石麻衣,link,31
平手友梨奈,南沙良,link,870
広末涼子,篠原涼子,link,54
広末涼子,永野芽郁,link,10
広末涼子,尾野真千子,link,14
広末涼子,溝端淳平,link,12
広末涼子,草彅剛,link,25
広瀬アリス,広瀬すず,link,14539
広瀬アリス,山田孝之,link,108
広瀬すず,長澤まさみ,link,46
広瀬すず,シソンヌ_(お笑いコンビ),link,116
広瀬すず,橋本環奈,link,19
広瀬すず,浜辺美波,link,28
広瀬すず,杉咲花,link,10
広瀬すず,清原果耶,link,10
広瀬すず,永野芽郁,link,394
広瀬すず,松たか子,link,91
広瀬すず,今田美桜,link,11
広瀬すず,横浜流星,link,42
広瀬すず,広瀬アリス,link,5500
広瀬すず,二階堂ふみ,link,343
ファーストサマーウイカ,くっきー!,link,121
深川麻衣,白石麻衣,link,76
深田恭子,福原遥,link,23
深田恭子,井川遥,link,168
深田恭子,吉高由里子,link,156
深津絵里,常盤貴子,link,44
深津絵里,木村拓哉,link,31
深津絵里,島崎和歌子,link,58
深津絵里,和久井映見,link,30
深津絵里,明石家さんま,link,16
深津絵里,川栄李奈,link,45
深津絵里,堤真一,link,15
深津絵里,上白石萌音,link,41
吹石一恵,広末涼子,link,12
吹石一恵,酒井若菜,link,90
吹石一恵,櫻井翔,link,10
吹石一恵,相武紗季,link,142
吹石一恵,黒谷友香,link,26
吹石一恵,福山雅治,link,4955
吹石一恵,乙葉,link,72
福地桃子,哀川翔,link,852
福地桃子,橋本環奈,link,11
福地桃子,新垣結衣,link,13
福地桃子,川栄李奈,link,36
福地桃子,上白石萌音,link,10
福原遥,山崎紘菜,link,198
福原遥,広瀬すず,link,119
福原遥,水上恒司,link,543
福原遥,井上真央,link,107
福原遥,平祐奈,link,148
福原遥,志田彩良,link,36
福原遥,中条あやみ,link,141
福原遥,杉野遥亮,link,10
福原遥,箭内夢菜,link,174
福原遥,富田望生,link,250
福原遥,又吉直樹,link,91
福原遥,深田恭子,link,22
福原遥,堀田真由,link,315
福本莉子,山崎紘菜,link,256
福本莉子,長澤まさみ,link,106
福本莉子,道枝駿佑,link,65
福本莉子,浜辺美波,link,478
福本莉子,北川景子,link,85
福本莉子,北村匠海,link,24
福本莉子,赤楚衛二,link,71
藤田ニコル,石田ニコル,link,80
藤田ニコル,松井愛莉,link,119
藤田ニコル,稲葉友,link,5397
藤田ニコル,池田美優,link,424
藤田ニコル,池田エライザ,link,193
藤田ニコル,古畑星夏,link,100
藤本美貴,陣内孝則,link,27
藤本美貴,大政絢,link,264
藤本美貴,田村淳,link,25
藤本美貴,横澤夏子,link,10
藤原さくら,大原櫻子,link,45
藤原さくら,上白石萌音,link,48
藤原紀香,陣内智則,link,6459
藤原紀香,長谷川京子,link,80
藤原紀香,浅野ゆう子,link,71
藤原紀香,堺正章,link,20
藤原紀香,舘ひろし,link,16
藤原紀香,高島礼子,link,12
藤原紀香,久本雅美,link,137
風吹ジュン,井上真央,link,10
風吹ジュン,内田有紀,link,13
古川琴音,菅田将暉,link,43
古川琴音,坂口健太郎,link,82
古川琴音,満島ひかり,link,389
古畑星夏,久間田琳加,link,28
古畑星夏,松井愛莉,link,97
古畑星夏,池田エライザ,link,79
古畑星夏,岡本玲,link,20
古畑星夏,川島海荷,link,12
古畑星夏,川口春奈,link,12
フワちゃん,指原莉乃,link,86
フワちゃん,アンミカ,link,31
フワちゃん,見取り図_(お笑いコンビ),link,27
フワちゃん,有田哲平,link,12
フワちゃん,高嶋ちさ子,link,45
ベッキー,アンミカ,link,37
ベッキー,中居正広,link,11
辺見えみり,白石美帆,link,18
堀田茜,蛯原友里,link,156
堀田茜,山本美月,link,62
堀田茜,高橋メアリージュン,link,23
堀田茜,宮本茉由,link,15
堀田真由,葵わかな,link,47
堀田真由,仲里依紗,link,89
ホラン千秋,吉高由里子,link,438
堀内敬子,松たか子,link,91
本上まなみ,勝俣州和,link,271
本田翼,木村拓哉,link,13
本田翼,トリンドル玲奈,link,413
本田翼,新木優子,link,31
本田翼,白石麻衣,link,100
本田翼,岡山天音,link,13
本田望結,鈴木福,link,185
前田敦子,北乃きい,link,46
前田敦子,南沢奈央,link,64
前田敦子,大泉洋,link,16
前田敦子,高畑充希,link,70
前田敦子,勝地涼,link,1117
前田敦子,柄本時生,link,23
前田敦子,大島優子,link,199
前田敦子,池松壮亮,link,10
前田敦子,大野いと,link,34
前田敦子,柴咲コウ,link,30
真木よう子,大久保佳代子,link,36
真木よう子,安達祐実,link,69
真木よう子,板谷由夏,link,45
真木よう子,木村カエラ,link,16
真木よう子,永作博美,link,39
真木よう子,滝藤賢一,link,111
真木よう子,江口のりこ,link,165
蒔田彩珠,市川実日子,link,46
蒔田彩珠,山口智子,link,15
蒔田彩珠,清原果耶,link,59
蒔田彩珠,満島ひかり,link,19
蒔田彩珠,南沙良,link,73
マーシュ彩,貴島明日香,link,460
松たか子,市川染五郎_(8代目),link,397
松たか子,市川團十郎_(13代目),link,103
松たか子,井上真央,link,47
松たか子,木村拓哉,link,21
松たか子,黒木華,link,69
松たか子,深津絵里,link,43
松井愛莉,佐野ひなこ,link,11
松井愛莉,飯豊まりえ,link,47
松井愛莉,朝比奈彩,link,31
松井愛莉,池田エライザ,link,40
松井愛莉,三吉彩花,link,184
松井愛莉,古畑星夏,link,81
松井玲奈,生瀬勝久,link,12
松井玲奈,大島優子,link,11
松井玲奈,生田絵梨花,link,41
松井玲奈,生駒里奈,link,76
松井玲奈,内田理央,link,67
松井玲奈,柏木由紀,link,29
松井玲奈,二階堂ふみ,link,27
松岡茉優,伊藤沙莉,link,482
松岡茉優,百田夏菜子,link,121
松岡茉優,八嶋智人,link,105
松岡茉優,朝日奈央,link,124
松風理咲,黒木華,link,22
松下奈緒,山口智子,link,71
松下奈緒,和久井映見,link,116
松下奈緒,安藤サクラ,link,50
松下由樹,富田靖子,link,167
松嶋菜々子,水野真紀,link,54
松嶋菜々子,井上真央,link,21
松嶋菜々子,宮﨑あおい,link,20
松嶋菜々子,唐沢寿明,link,20
松嶋菜々子,吉高由里子,link,20
松嶋菜々子,反町隆史,link,4557
松嶋菜々子,有村架純,link,60
松島花,秋元梢,link,304
松田聖子,神田正輝,link,1064
松田聖子,松本伊代,link,37
松田聖子,南野陽子,link,39
松田聖子,郷ひろみ,link,617
松田聖子,中山美穂,link,46
松本伊代,ヒロミ,link,835
松本穂香,玉城ティナ,link,15
松本穂香,寺田心,link,95
松本穂香,有村架純,link,500
松本まりか,栗山千明,link,197
松本まりか,石原さとみ,link,223
松本まりか,宮﨑あおい,link,177
松本まりか,吉岡里帆,link,20
松本まりか,ベッキー,link,79
松本若菜,余貴美子,link,10
眞鍋かをり,紗栄子,link,14
真矢ミキ,天海祐希,link,11
真矢ミキ,黒木瞳,link,209
真矢ミキ,大地真央,link,108
見上愛,佐々木蔵之介,link,49
見上愛,長澤まさみ,link,98
見上愛,志尊淳,link,131
水川あさみ,安達祐実,link,105
水川あさみ,長澤まさみ,link,300
水川あさみ,窪田正孝,link,5644
水川あさみ,榮倉奈々,link,141
水川あさみ,宮沢りえ,link,102
水川あさみ,堂本剛,link,54
水川あさみ,戸田恵梨香,link,171
水谷果穂,井上真央,link,15
水谷果穂,大友花恋,link,122
水野真紀,水野美紀,link,201
水野真紀,3時のヒロイン,link,14
水野美紀,水野真紀,link,222
水野美紀,唐沢寿明,link,16
光浦靖子,大久保佳代子,link,1364
光浦靖子,土田晃之,link,36
光浦靖子,的場浩司,link,17
観月ありさ,松下由樹,link,75
観月ありさ,蛯原友里,link,28
観月ありさ,香取慎吾,link,15
観月ありさ,谷原章介,link,15
観月ありさ,島崎和歌子,link,51
観月ありさ,宇賀なつみ,link,83
観月ありさ,阿部サダヲ,link,16
観月ありさ,渡辺謙,link,14
観月ありさ,宮沢りえ,link,101
満島ひかり,蒔田彩珠,link,45
満島ひかり,マツコ・デラックス,link,38
満島ひかり,観月ありさ,link,21
満島ひかり,内田有紀,link,34
満島ひかり,芦田愛菜,link,17
満島ひかり,宮﨑あおい,link,36
満島ひかり,安藤サクラ,link,239
満島ひかり,設楽統,link,20
満島ひかり,満島真之介,link,3886
満島ひかり,蒼井優,link,23
南果歩,渡辺謙,link,755
南沙良,蒔田彩珠,link,158
南沙良,平手友梨奈,link,166
南沙良,新垣結衣,link,72
南沙良,鈴鹿央士,link,24
南沙良,満島ひかり,link,14
南沙良,出口夏希,link,32
南沙良,二階堂ふみ,link,16
南沢奈央,前田敦子,link,15
南野陽子,菊池桃子,link,13
南野陽子,松田聖子,link,11
南野陽子,斉藤由貴,link,31
南野陽子,坂上忍,link,13
南野陽子,薬師丸ひろ子,link,40
南野陽子,中山美穂,link,71
宮﨑あおい,吉沢亮,link,42
宮﨑あおい,栗山千明,link,60
宮﨑あおい,松本まりか,link,71
宮﨑あおい,満島ひかり,link,215
宮﨑あおい,岡田准一,link,2150
宮﨑あおい,ベッキー,link,26
宮﨑あおい,蒼井優,link,63
宮﨑あおい,波瑠,link,19
宮崎美子,竹下景子,link,22
宮澤エマ,DAIGO,link,547
宮沢りえ,桃井かおり,link,35
宮沢りえ,井川遥,link,34
宮沢りえ,水川あさみ,link,75
宮沢りえ,観月ありさ,link,45
宮沢りえ,天海祐希,link,34
宮沢りえ,ビートたけし,link,15
宮沢りえ,黒木華,link,23
宮沢りえ,安藤サクラ,link,34
宮沢りえ,鈴木京香,link,27
宮沢りえ,二階堂ふみ,link,21
宮脇咲良,島崎遥香,link,69
宮脇咲良,松井玲奈,link,112
宮脇咲良,指原莉乃,link,37
宮脇咲良,高橋みなみ,link,10
宮脇咲良,生駒里奈,link,171
宮脇咲良,上白石萌音,link,519
宮脇咲良,柏木由紀,link,81
三吉彩花,中条あやみ,link,106
三吉彩花,松井愛莉,link,156
三吉彩花,白石麻衣,link,36
村上佳菜子,浅田真央,link,228
村上佳菜子,浅田舞,link,58
村上知子,MEGUMI,link,38
村上知子,優香,link,11
村上知子,大島美幸,link,256
村上知子,黒沢かずこ,link,239
村上知子,光浦靖子,link,10
室井滋,余貴美子,link,37
室井滋,小林聡美,link,82
室井滋,内藤剛志,link,27
室井滋,永作博美,link,18
MEGUMI,村上知子,link,182
MEGUMI,磯山さやか,link,121
MEGUMI,はるな愛,link,125
本仮屋ユイカ,優香,link,21
桃井かおり,清水ミチコ,link,12
桃井かおり,宮沢りえ,link,21
百田夏菜子,永野芽郁,link,16
百田夏菜子,柴咲コウ,link,18
百田夏菜子,松岡茉優,link,23
百田夏菜子,朝日奈央,link,17
森泉,森星,link,462
森七菜,間宮祥太朗,link,61
森七菜,奥平大兼,link,34
森七菜,広瀬すず,link,30
森七菜,神尾楓珠,link,46
森七菜,杉咲花,link,45
森七菜,満島ひかり,link,29
森七菜,松村北斗,link,13
森七菜,出口夏希,link,142
森七菜,二階堂ふみ,link,50
森星,森泉,link,364
森尾由美,磯野貴理子,link,12
森川葵,佐藤寛太,link,25
森川葵,山本舞香,link,26
森川葵,高畑充希,link,96
森川葵,島崎遥香,link,88
森川葵,中条あやみ,link,18
森川葵,浜辺美波,link,127
森川葵,黒島結菜,link,169
森川葵,満島ひかり,link,12
森川葵,北村匠海,link,11
森川葵,ディーン・フジオカ,link,11
森川葵,広瀬アリス,link,97
森川葵,蒼井優,link,73
森川葵,三吉彩花,link,264
森川葵,有村架純,link,109
森口瑤子,木梨憲武,link,19
森口瑤子,水谷豊,link,13
森田想,田辺桃子,link,25
森高千里,江口洋介,link,2168
八木莉可子,平手友梨奈,link,17
八木莉可子,山田杏奈,link,36
八木莉可子,森崎ウィン,link,27
八木莉可子,水原希子,link,184
薬師丸ひろ子,原田知世,link,94
安めぐみ,リリー・フランキー,link,14
安田成美,佐藤浩市,link,10
安田成美,木梨憲武,link,1106
安田美沙子,城田優,link,66
安田美沙子,坂下千里子,link,39
安田美沙子,臼田あさ美,link,26
矢田亜希子,大竹しのぶ,link,23
箭内夢菜,若林正恭,link,11
柳原可奈子,林修,link,29
柳原可奈子,貫地谷しほり,link,12
柳原可奈子,松嶋尚美,link,29
矢作穂香,古川雄輝,link,118
山口紗弥加,鈴木保奈美,link,13
山口紗弥加,大島美幸,link,26
山口紗弥加,ともさかりえ,link,92
山口智子,木村拓哉,link,32
山口智子,唐沢寿明,link,2067
山崎静代,ナイツ_(お笑いコンビ),link,10
山崎静代,相葉雅紀,link,10
山崎静代,富田望生,link,48
山崎静代,山里亮太,link,398
山崎紘菜,福原遥,link,41
山崎紘菜,長澤まさみ,link,31
山下美月,若月佑美,link,85
山下美月,与田祐希,link,12
山下美月,山本美月,link,347
山下美月,西野七瀬,link,231
山下美月,大島優子,link,17
山下美月,板谷由夏,link,13
山下美月,萩原利久,link,42
山下美月,生田絵梨花,link,71
山下美月,松本まりか,link,178
山下美月,細田佳央太,link,11
山下美月,齋藤飛鳥,link,121
山下美月,長濱ねる,link,75
山田杏奈,奥平大兼,link,19
山田杏奈,佐野勇斗,link,33
山田杏奈,大友花恋,link,11
山田杏奈,玉城ティナ,link,14
山田杏奈,眞栄田郷敦,link,44
山田杏奈,満島ひかり,link,37
山田杏奈,濱田岳,link,39
山之内すず,広瀬すず,link,127
山之内すず,伊原六花,link,52
山本舞香,小関裕太,link,16
山本舞香,飯豊まりえ,link,99
山本舞香,マツコ・デラックス,link,16
山本舞香,瀧本美織,link,96
山本舞香,栗山千明,link,140
山本舞香,シソンヌ_(お笑いコンビ),link,108
山本舞香,成海璃子,link,20
山本舞香,松岡昌宏,link,31
山本舞香,池田美優,link,372
山本美月,堀田茜,link,16
山本美月,高橋メアリージュン,link,20
山本美月,役所広司,link,17
山本美月,池田エライザ,link,24
山本美月,山下美月,link,238
山本美月,瀬戸康史,link,2128
山本美月,波瑠,link,53
YOU_(タレント),柳楽優弥,link,21
YOU_(タレント),佐藤浩市,link,11
優香,藤原竜也,link,28
優香,青木崇高,link,2806
優香,関根勤,link,13
優香,山崎静代,link,11
優香,内田有紀,link,27
優木まおみ,有吉弘行,link,23
ゆりやんレトリィバァ,霜降り明星,link,32
ゆりやんレトリィバァ,山崎静代,link,39
ゆりやんレトリィバァ,ガンバレルーヤ,link,480
ゆりやんレトリィバァ,友近,link,98
ゆりやんレトリィバァ,千鳥_(お笑いコンビ),link,20
横澤夏子,タカアンドトシ,link,23
横澤夏子,ニューヨーク_(お笑いコンビ),link,97
横澤夏子,滝藤賢一,link,60
横澤夏子,阿佐ヶ谷姉妹,link,13
横田真悠,久間田琳加,link,37
横田真悠,大原櫻子,link,17
横田真悠,大友花恋,link,170
横田真悠,箭内夢菜,link,76
横田真悠,久保田紗友,link,101
横田真悠,永野芽郁,link,123
横田真悠,古畑星夏,link,117
吉岡里帆,伊藤沙莉,link,132
吉岡里帆,北川景子,link,101
吉岡里帆,芳根京子,link,177
吉岡里帆,波瑠,link,44
吉川愛,畑芽育,link,41
吉川愛,桜田ひより,link,636
吉川愛,水沢林太郎,link,10
吉川愛,天海祐希,link,32
吉川愛,板垣李光人,link,16
吉川愛,二階堂ふみ,link,108
吉田羊,大久保佳代子,link,109
吉田羊,光石研,link,34
吉田羊,西島秀俊,link,24
吉田羊,中井貴一,link,21
吉田羊,鈴木梨央,link,31
吉高由里子,近藤春菜,link,227
吉高由里子,上野樹里,link,50
吉高由里子,清原果耶,link,390
吉高由里子,永作博美,link,732
吉高由里子,柴咲コウ,link,451
吉高由里子,横浜流星,link,25
吉谷彩子,井之脇海,link,34
吉谷彩子,川栄李奈,link,28
吉永小百合,三浦友和,link,36
吉永小百合,タモリ,link,25
吉永小百合,大竹しのぶ,link,17
吉永小百合,和田アキ子,link,10
芳根京子,伊藤沙莉,link,143
芳根京子,篠原涼子,link,36
芳根京子,土屋太鳳,link,69
芳根京子,木村文乃,link,11
芳根京子,仲間由紀恵,link,18
芳根京子,松下洸平,link,108
芳根京子,佐久間由衣,link,230
与田祐希,西野七瀬,link,70
与田祐希,生田絵梨花,link,36
与田祐希,山下美月,link,16
米倉涼子,市川團十郎_(13代目),link,40
米倉涼子,松岡昌宏,link,186
米倉涼子,天海祐希,link,149
RIKACO,渡部篤郎,link,2224
RIKACO,哀川翔,link,32
RIKACO,石橋貴明,link,19
RIKACO,辺見えみり,link,32
RIKACO,森尾由美,link,23
莉子,福本莉子,link,14
遼河はるひ,紺野まひる,link,232
LiLiCo,中川翔子,link,57
蓮佛美沙子,新垣結衣,link,379
ローラ_(モデル),きゃりーぱみゅぱみゅ,link,15
ローラ_(モデル),綾瀬はるか,link,12
若月佑美,福原遥,link,17
若月佑美,高梨臨,link,18
若月佑美,高橋みなみ,link,10
若月佑美,橋本環奈,link,11
若月佑美,山下美月,link,55
若月佑美,川島海荷,link,47
若月佑美,白石麻衣,link,23
若村麻由美,鈴木京香,link,32
和田アキ子,カンニング竹山,link,93
和田アキ子,勝俣州和,link,31
和田アキ子,タモリ,link,36
和田アキ子,陣内智則,link,17
和田アキ子,有吉弘行,link,18
和田アキ子,出川哲朗,link,42
和田アキ子,高田純次,link,20
和田アキ子,明石家さんま,link,27
和田アキ子,ビートたけし,link,27
和田アキ子,陣内孝則,link,15
渡辺えり,宇梶剛士,link,42
渡辺直美,岡村隆史,link,16
渡辺直美,今田耕司,link,10
渡辺直美,ぺこぱ,link,36
渡辺真起子,井浦新,link,12
渡辺真起子,蒼井優,link,16
渡辺満里奈,原田泰造,link,27
渡辺満里奈,斉藤由貴,link,13
渡辺満里奈,堀内健,link,15
渡辺満里奈,南野陽子,link,10
渡辺満里奈,名倉潤,link,686
阿佐ヶ谷姉妹,有吉弘行,link,69
阿佐ヶ谷姉妹,劇団ひとり,link,21
阿佐ヶ谷姉妹,石橋貴明,link,13
阿佐ヶ谷姉妹,小籔千豊,link,39
阿佐ヶ谷姉妹,設楽統,link,37
阿佐ヶ谷姉妹,横澤夏子,link,48
ガンバレルーヤ,マツコ・デラックス,link,10
ガンバレルーヤ,多部未華子,link,49
ガンバレルーヤ,天海祐希,link,18
ガンバレルーヤ,イモトアヤコ,link,193
ガンバレルーヤ,安田顕,link,113
ガンバレルーヤ,内村光良,link,23
ガンバレルーヤ,ゆりやんレトリィバァ,link,281
3時のヒロイン,松本人志,link,11
3時のヒロイン,ミキ_(お笑いコンビ),link,17
3時のヒロイン,ぼる塾,link,274
3時のヒロイン,フワちゃん,link,25
3時のヒロイン,ゆりやんレトリィバァ,link,182
ぼる塾,平手友梨奈,link,490
ぼる塾,亀梨和也,link,70
ぼる塾,3時のヒロイン,link,211
ぼる塾,益若つばさ,link,56
