other-search,哀川翔,external,9921
other-search,相葉雅紀,external,17850
other-search,青木崇高,external,9886
other-search,青柳翔,external,7662
other-search,明石家さんま,external,34895
other-search,赤楚衛二,external,696348
other-search,秋山竜次,external,7220
other-search,浅野忠信,external,8566
other-search,浅利陽介,external,7207
other-search,厚切りジェイソン,external,9541
other-search,あばれる君,external,10536
other-search,阿部サダヲ,external,50039
other-search,阿部寛,external,51271
other-search,天野ひろゆき,external,10470
other-search,綾野剛,external,26637
other-search,荒川良々,external,19751
other-search,荒木飛羽,external,5881
other-search,新田真剣佑,external,23401
other-search,有岡大貴,external,5377
other-search,有田哲平,external,15247
other-search,有吉弘行,external,31396
other-search,飯尾和樹,external,16205
other-search,井浦新,external,25440
other-search,生田斗真,external,105746
other-search,池松壮亮,external,12357
other-search,伊沢拓司,external,12605
other-search,石塚英彦,external,5295
other-search,石橋貴明,external,9952
other-search,石原良純,external,11605
other-search,石丸幹二,external,8285
other-search,伊集院光,external,26147
other-search,泉澤祐希,external,15408
other-search,磯村勇斗,external,26053
other-search,板尾創路,external,8968
other-search,板垣瑞生,external,5811
other-search,板垣李光人,external,36693
other-search,市川猿之助_(4代目),external,32255
other-search,市川團十郎_(13代目),external,8953
other-search,一ノ瀬颯,external,11777
other-search,市原隼人,external,17118
other-search,市村正親,external,44496
other-search,IKKO,external,10114
other-search,井手上漠,external,16927
other-search,伊藤あさひ,external,3065
other-search,伊藤淳史,external,8056
other-search,伊藤英明,external,49073
other-search,稲垣吾郎,external,8780
other-search,稲葉友,external,9751
other-search,犬飼貴丈,external,76902
other-search,井上祐貴,external,10464
other-search,伊野尾慧,external,6600
other-search,井ノ原快彦,external,8256
other-search,井之脇海,external,5256
other-search,伊原剛志,external,5817
other-search,伊武雅刀,external,14779
other-search,今井翼,external,3032
other-search,今田耕司,external,37573
other-search,岩田剛典,external,47740
other-search,上田晋也,external,13926
other-search,ウエンツ瑛士,external,6335
other-search,宇梶剛士,external,10766
other-search,内野聖陽,external,18663
other-search,内村光良,external,13502
other-search,ウド鈴木,external,9572
other-search,梅沢富美男,external,10749
other-search,江口洋介,external,10884
other-search,柄本明,external,14601
other-search,柄本佑,external,29752
other-search,柄本時生,external,15722
other-search,遠藤憲一,external,32684
other-search,遠藤章造,external,6672
other-search,及川光博,external,11372
other-search,大泉洋,external,28401
other-search,大倉孝二,external,2144
other-search,大倉忠義,external,7715
other-search,大沢たかお,external,11075
other-search,太田光,external,13823
other-search,大谷翔平,external,117183
other-search,大谷亮平,external,8195
other-search,大森南朋,external,84792
other-search,岡田圭右,external,5046
other-search,岡田准一,external,42343
other-search,岡田将生,external,13105
other-search,岡村隆史,external,18509
other-search,岡山天音,external,41517
other-search,奥田瑛二,external,10420
other-search,奥平大兼,external,2482
other-search,小栗旬,external,28197
other-search,小澤征悦,external,15695
other-search,織田裕二,external,22401
other-search,オダギリジョー,external,13843
other-search,音尾琢真,external,8843
other-search,尾上松也_(2代目),external,21247
other-search,香川照之,external,20660
other-search,賀来賢人,external,34792
other-search,角田晃広,external,3980
other-search,筧利夫,external,2974
other-search,風間俊介,external,18223
other-search,笠松将,external,20005
other-search,春日俊彰,external,13133
other-search,カズレーザー,external,35948
other-search,加瀬亮,external,9827
other-search,片岡愛之助_(6代目),external,24975
other-search,片桐仁,external,6712
other-search,片寄涼太,external,33872
other-search,勝地涼,external,32269
other-search,勝俣州和,external,8799
other-search,勝村政信,external,5553
other-search,加藤浩次,external,16767
other-search,加藤清史郎,external,6611
other-search,加藤諒,external,9193
other-search,香取慎吾,external,14804
other-search,要潤,external,7043
other-search,金子大地,external,5001
other-search,金子ノブアキ,external,7342
other-search,川平慈英,external,3114
other-search,神尾楓珠,external,36269
other-search,上川隆也,external,11636
other-search,神木隆之介,external,18853
other-search,上地雄輔,external,8849
other-search,亀梨和也,external,12998
other-search,唐沢寿明,external,10176
other-search,河合郁人,external,12507
other-search,川島明,external,20181
other-search,神田正輝,external,6514
other-search,カンニング竹山,external,12596
other-search,菊池風磨,external,143802
other-search,岸優太,external,31216
other-search,岸谷五朗,external,15198
other-search,岸部一徳,external,25826
other-search,北大路欣也,external,12384
other-search,北村一輝,external,21309
other-search,北村匠海,external,127394
other-search,北村有起哉,external,4377
other-search,北山宏光,external,5040
other-search,吉川晃司,external,15899
other-search,木梨憲武,external,6269
other-search,木村昴,external,155892
other-search,木村拓哉,external,76503
other-search,桐谷健太,external,11175
other-search,桐山漣,external,8383
other-search,草刈正雄,external,68179
other-search,草彅剛,external,47144
other-search,くっきー!,external,14546
other-search,工藤阿須加,external,8857
other-search,國村隼,external,4970
other-search,窪田正孝,external,11913
other-search,黒羽麻璃央,external,29486
other-search,桑田佳祐,external,28310
other-search,劇団ひとり,external,12723
other-search,ケンドーコバヤシ,external,17655
other-search,小池徹平,external,5044
other-search,小泉孝太郎,external,9783
other-search,郷ひろみ,external,19972
other-search,高良健吾,external,8570
other-search,国分太一,external,8090
other-search,児嶋一哉,external,5663
other-search,小関裕太,external,18062
other-search,小瀧望,external,6036
other-search,小手伸也,external,18723
other-search,後藤輝基,external,4611
other-search,小峠英二,external,14467
other-search,小林薫,external,5153
other-search,小日向文世,external,22300
other-search,駒木根葵汰,external,16084
other-search,小宮浩信,external,5361
other-search,小宮璃央,external,11542
other-search,小籔千豊,external,9479
other-search,今野浩喜,external,7665
other-search,斎藤工,external,21164
other-search,堺正章,external,13940
other-search,堺雅人,external,16368
other-search,坂上忍,external,16216
other-search,坂口健太郎,external,21558
other-search,櫻井海音,external,14398
other-search,櫻井翔,external,53130
other-search,桜田通,external,8754
other-search,佐々木蔵之介,external,13637
other-search,笹野高史,external,6225
other-search,佐藤寛太,external,6159
other-search,佐藤浩市,external,11049
other-search,佐藤勝利,external,8028
other-search,佐藤二朗,external,13305
other-search,佐藤大樹_(ダンサー),external,2614
other-search,佐藤健_(俳優),external,55594
other-search,佐藤隆太,external,5893
other-search,佐野史郎,external,22670
other-search,佐野勇斗,external,10347
other-search,澤部佑,external,12623
other-search,沢村一樹,external,11371
other-search,サンシャイン池崎,external,21102
other-search,椎名桔平,external,10046
other-search,重岡大毅,external,11345
other-search,志尊淳,external,15913
other-search,設楽統,external,12619
other-search,清水尋也,external,6725
other-search,春風亭昇太,external,28372
other-search,城島茂,external,7805
other-search,笑福亭鶴瓶,external,135137
other-search,白濱亜嵐,external,8622
other-search,城田優,external,8428
other-search,神宮寺勇太,external,19346
other-search,陣内孝則,external,4921
other-search,陣内智則,external,19738
other-search,須賀健太,external,10338
other-search,杉浦太陽,external,18207
other-search,杉野遥亮,external,56445
other-search,杉本哲太,external,14272
other-search,鈴鹿央士,external,22533
other-search,鈴木浩介_(俳優),external,13508
other-search,鈴木仁_(俳優),external,11512
other-search,鈴木伸之,external,61372
other-search,鈴木福,external,38473
other-search,鈴木亮平_(俳優),external,68328
other-search,菅田将暉,external,53794
other-search,駿河太郎,external,28817
other-search,関口メンディー,external,10731
other-search,関根勤,external,7313
other-search,瀬戸康史,external,21704
other-search,染谷将太,external,29602
other-search,反町隆史,external,18834
other-search,DAIGO,external,30656
other-search,醍醐虎汰朗,external,6346
other-search,髙嶋政伸,external,12750
other-search,髙嶋政宏,external,11936
other-search,高杉真宙,external,19511
other-search,高田純次,external,19653
other-search,高橋一生,external,28757
other-search,髙橋海人,external,26280
other-search,高橋克典,external,48497
other-search,高橋克実,external,4148
other-search,高橋茂雄,external,29913
other-search,高橋英樹_(俳優),external,10080
other-search,高橋文哉,external,67078
other-search,高橋光臣,external,9001
other-search,滝藤賢一,external,14202
other-search,武井壮,external,8295
other-search,竹内涼真,external,13636
other-search,武田鉄矢,external,14063
other-search,竹中直人,external,7084
other-search,竹野内豊,external,20811
other-search,舘ひろし,external,11029
other-search,田中圭,external,48722
other-search,田中卓志,external,22183
other-search,田中直樹_(お笑い芸人),external,13470
other-search,田中将大,external,38079
other-search,田中裕二,external,694
other-search,田中要次,external,2324
other-search,田辺誠一,external,4613
other-search,谷原章介,external,20752
other-search,玉木宏,external,16712
other-search,玉森裕太,external,18325
other-search,玉山鉄二,external,8012
other-search,田村淳,external,16574
other-search,タモリ,external,52891
other-search,知念侑李,external,5738
other-search,千葉雄大,external,33916
other-search,千原ジュニア,external,13023
other-search,塚地武雅,external,18151
other-search,塚本高史,external,11239
other-search,津田寛治,external,5858
other-search,津田健次郎,external,104262
other-search,土田晃之,external,11880
other-search,堤真一,external,8030
other-search,妻夫木聡,external,30387
other-search,つるの剛士,external,11478
other-search,ディーン・フジオカ,external,39883
other-search,出川哲朗,external,19133
other-search,寺島進,external,25843
other-search,寺田心,external,23001
other-search,寺脇康文,external,11948
other-search,でんでん,external,5570
other-search,堂本光一,external,19464
other-search,堂本剛,external,17979
other-search,所ジョージ,external,22976
other-search,トータス松本,external,2336
other-search,戸塚純貴,external,11050
other-search,戸次重幸,external,12004
other-search,豊川悦司,external,116060
other-search,内藤剛志,external,9849
other-search,中井貴一,external,23445
other-search,中居正広,external,24184
other-search,中尾明慶,external,21697
other-search,中川大志_(俳優),external,24924
other-search,長嶋一茂,external,41525
other-search,中島健人,external,21442
other-search,中島裕翔,external,38468
other-search,永瀬正敏,external,5745
other-search,永瀬廉,external,70065
other-search,中田圭祐,external,4976
other-search,仲野太賀,external,17840
other-search,中丸雄一,external,14034
other-search,中村勘九郎_(6代目),external,8174
other-search,中村獅童_(2代目),external,32427
other-search,中村俊介,external,5952
other-search,仲村トオル,external,12570
other-search,中村倫也,external,26313
other-search,中村隼人,external,359
other-search,中村雅俊,external,12433
other-search,永山瑛太,external,13237
other-search,永山絢斗,external,22934
other-search,中山秀征,external,10678
other-search,名倉潤,external,5472
other-search,生瀬勝久,external,31315
other-search,成田凌,external,8561
other-search,南原清隆,external,5743
other-search,錦織圭,external,8564
other-search,西島秀俊,external,37741
other-search,西田敏行,external,19641
other-search,西畑大吾,external,12494
other-search,西村まさ彦,external,8788
other-search,二宮和也,external,28871
other-search,温水洋一,external,3838
other-search,野間口徹,external,19367
other-search,野村周平,external,23555
other-search,野村萬斎,external,20306
other-search,バカリズム,external,56976
other-search,萩原利久,external,23875
other-search,はじめしゃちょー,external,16323
other-search,長谷川博己,external,15604
other-search,羽鳥慎一,external,10430
other-search,羽生結弦,external,21399
other-search,濱正悟,external,2921
other-search,濱田岳,external,155340
other-search,濱田龍臣,external,5134
other-search,浜田雅功,external,49982
other-search,浜野謙太,external,20610
other-search,林修,external,25902
other-search,林遣都,external,9748
other-search,速水もこみち,external,13304
other-search,原田泰造,external,5674
other-search,原田龍二,external,13508
other-search,はるな愛,external,6081
other-search,坂東龍汰,external,64268
other-search,HIKAKIN,external,38636
other-search,東野幸治,external,10273
other-search,東山紀之,external,9946
other-search,ビートたけし,external,31640
other-search,ビビる大木,external,4077
other-search,日村勇紀,external,36410
other-search,平泉成,external,4515
other-search,平岡祐太,external,7728
other-search,平野紫耀,external,69661
other-search,平山浩行,external,4810
other-search,ヒロミ,external,22661
other-search,吹越満,external,7257
other-search,福澤朗,external,2770
other-search,福士蒼汰,external,24101
other-search,福山雅治,external,29067
other-search,藤井隆,external,6492
other-search,藤井流星,external,7213
other-search,藤岡弘、,external,29460
other-search,藤ヶ谷太輔,external,13214
other-search,藤木直人,external,15201
other-search,藤森慎吾,external,38385
other-search,藤原大祐,external,9691
other-search,藤原竜也,external,25848
other-search,船越英一郎,external,10325
other-search,古川雄輝,external,7006
other-search,古川雄大,external,16633
other-search,古田新太,external,10694
other-search,古舘伊知郎,external,7039
other-search,別所哲也,external,18169
other-search,星野源,external,40150
other-search,細田佳央太,external,4441
other-search,堀内健,external,4218
other-search,本郷奏多,external,11247
other-search,毎熊克哉,external,7268
other-search,眞栄田郷敦,external,30849
other-search,前野朋哉,external,6644
other-search,マキタスポーツ,external,6769
other-search,眞島秀和,external,20538
other-search,又吉直樹,external,10809
other-search,町田啓太,external,35060
other-search,松岡修造,external,10826
other-search,松岡昌宏,external,15260
other-search,マツコ・デラックス,external,29778
other-search,松坂桃李,external,24187
other-search,松重豊,external,45209
other-search,松下洸平,external,33817
other-search,松田翔太,external,6549
other-search,松田龍平,external,7311
other-search,松平健,external,16416
other-search,松丸亮吾,external,11302
other-search,松村北斗,external,32876
other-search,松本幸四郎,external,3220
other-search,松本潤,external,30725
other-search,松本人志,external,28765
other-search,松山ケンイチ,external,53663
other-search,的場浩司,external,13966
other-search,間宮祥太朗,external,28785
other-search,丸山隆平,external,6450
other-search,三浦知良,external,31935
other-search,三浦翔平,external,9550
other-search,三浦貴大,external,7768
other-search,三浦友和,external,10534
other-search,水谷豊,external,22815
other-search,溝端淳平,external,28395
other-search,道枝駿佑,external,26827
other-search,光石研,external,8448
other-search,満島真之介,external,13828
other-search,峰竜太,external,4895
other-search,宮川大輔_(タレント),external,11726
other-search,三宅弘城,external,3874
other-search,三宅裕司,external,6348
other-search,宮沢氷魚,external,176859
other-search,宮世琉弥,external,45382
other-search,宮根誠司,external,9088
other-search,向井理,external,17961
other-search,向井康二,external,26159
other-search,六平直政,external,10685
other-search,村上信五,external,5484
other-search,村上虹郎,external,26857
other-search,ムロツヨシ,external,14938
other-search,恵俊彰,external,7270
other-search,目黒蓮,external,96281
other-search,望月歩,external,5539
other-search,本木雅弘,external,7459
other-search,森崎ウィン,external,29263
other-search,森山未來,external,7856
other-search,柳楽優弥,external,28554
other-search,役所広司,external,12357
other-search,薬丸裕英,external,5222
other-search,矢沢永吉,external,17219
other-search,八嶋智人,external,38232
other-search,安田顕,external,12364
other-search,安田章大,external,6635
other-search,柳沢慎吾,external,4007
other-search,柳葉敏郎,external,30852
other-search,矢部浩之,external,7019
other-search,山口智充,external,12557
other-search,山崎育三郎,external,27500
other-search,山﨑賢人,external,17543
other-search,山崎弘也,external,4976
other-search,山里亮太,external,16390
other-search,山下健二郎,external,9733
other-search,山下智久,external,25481
other-search,山田孝之,external,28427
other-search,山田裕貴,external,148419
other-search,山田涼介,external,28023
other-search,山中崇,external,5035
other-search,山本耕史,external,20915
other-search,矢本悠馬,external,6374
other-search,結木滉星,external,19383
other-search,ゆうたろう_(モデル),external,7620
other-search,ユースケ・サンタマリア,external,9003
other-search,横浜流星,external,36541
other-search,横山だいすけ,external,12470
other-search,横山裕,external,81726
other-search,吉岡秀隆,external,18646
other-search,吉沢亮,external,29581
other-search,吉田鋼太郎,external,14615
other-search,吉村崇,external,9283
other-search,竜星涼,external,95153
other-search,リリー・フランキー,external,14025
other-search,六角精児,external,12570
other-search,若林正恭,external,18388
other-search,渡辺いっけい,external,14771
other-search,渡邊圭祐,external,14809
other-search,渡辺謙,external,21154
other-search,渡辺大知,external,5027
other-search,渡部篤郎,external,221847
other-search,EXIT_(お笑いコンビ),external,40560
other-search,おぎやはぎ,external,15314
other-search,かまいたち_(お笑いコンビ),external,38772
other-search,さまぁ〜ず,external,12566
other-search,サンドウィッチマン_(お笑いコンビ),external,35112
other-search,JO1,external,64938
other-search,シソンヌ_(お笑いコンビ),external,36268
other-search,霜降り明星,external,21987
other-search,タカアンドトシ,external,21001
other-search,千鳥_(お笑いコンビ),external,35426
other-search,チョコレートプラネット,external,24595
other-search,ティモンディ,external,20765
other-search,ナイツ_(お笑いコンビ),external,16383
other-search,錦鯉_(お笑いコンビ),external,51614
other-search,博多華丸・大吉,external,25279
other-search,ブラックマヨネーズ,external,5402
other-search,ぺこぱ,external,19195
other-search,ミキ_(お笑いコンビ),external,14320
other-search,ミルクボーイ,external,7218
other-search,四千頭身,external,18332
other-search,和牛_(お笑いコンビ),external,6050
other-search,相武紗季,external,32674
other-search,蒼井優,external,14240
other-search,葵わかな,external,37263
other-search,秋田汐梨,external,1616
other-search,秋元梢,external,5274
other-search,浅川梨奈,external,70680
other-search,浅田舞,external,6314
other-search,浅田真央,external,11397
other-search,浅田美代子,external,8804
other-search,浅野ゆう子,external,10888
other-search,朝日奈央,external,17683
other-search,朝比奈彩,external,28090
other-search,芦田愛菜,external,94316
other-search,麻生久美子,external,7865
other-search,麻生祐未,external,10890
other-search,安達祐実,external,17991
other-search,足立梨花,external,18006
other-search,天海祐希,external,30764
other-search,綾瀬はるか,external,39151
other-search,新井恵理那,external,26195
other-search,新垣結衣,external,50063
other-search,新木優子,external,17711
other-search,有村架純,external,65822
other-search,杏_(女優),external,21850
other-search,アンミカ,external,65992
other-search,安藤サクラ,external,155314
other-search,飯豊まりえ,external,42076
other-search,井川遥,external,70707
other-search,生田絵梨花,external,31268
other-search,池田エライザ,external,24361
other-search,井桁弘恵,external,23359
other-search,池田美優,external,26288
other-search,池間夏海,external,11966
other-search,池脇千鶴,external,5732
other-search,生駒里奈,external,11160
other-search,石井杏奈_(E-girls),external,14471
other-search,石川恋,external,6078
other-search,石田ニコル,external,87876
other-search,石田ひかり,external,23840
other-search,石田ゆり子,external,28398
other-search,石野真子,external,34138
other-search,石橋静河,external,35516
other-search,石原さとみ,external,35141
other-search,泉里香,external,20777
other-search,磯野貴理子,external,8046
other-search,磯山さやか,external,25133
other-search,板谷由夏,external,20437
other-search,市川紗椰,external,20446
other-search,市川実日子,external,14210
other-search,市毛良枝,external,24930
other-search,いとうあさこ,external,19307
other-search,伊藤歩,external,30546
other-search,伊藤沙莉,external,97926
other-search,稲森いずみ,external,14183
other-search,井上咲楽,external,18898
other-search,井上真央,external,70597
other-search,祷キララ,external,2615
other-search,伊原六花,external,52182
other-search,今田美桜,external,48811
other-search,IMALU,external,5746
other-search,芋生悠,external,3726
other-search,井本彩花,external,18602
other-search,イモトアヤコ,external,12917
other-search,井森美幸,external,6878
other-search,上戸彩,external,127069
other-search,上野樹里,external,16244
other-search,宇賀なつみ,external,26573
other-search,宇垣美里,external,16955
other-search,臼田あさ美,external,21506
other-search,宇多田ヒカル,external,37143
other-search,内田有紀,external,109353
other-search,内田理央,external,26137
other-search,内山理名,external,17600
other-search,榮倉奈々,external,13962
other-search,江口のりこ,external,20227
other-search,蛯原友里,external,4604
other-search,大久保佳代子,external,17831
other-search,大坂なおみ,external,9030
other-search,大沢あかね,external,10134
other-search,大島美幸,external,4082
other-search,大島優子,external,18021
other-search,大竹しのぶ,external,15156
other-search,大塚寧々,external,7188
other-search,大友花恋,external,20680
other-search,大野いと,external,38388
other-search,大原櫻子,external,19583
other-search,大政絢,external,17973
other-search,岡崎紗絵,external,19755
other-search,岡副麻希,external,25855
other-search,岡田結実,external,12731
other-search,岡本夏美,external,3832
other-search,岡本玲,external,23828
other-search,小川紗良,external,3717
other-search,奥貫薫,external,13488
other-search,小倉優子,external,15326
other-search,押切もえ,external,5221
other-search,乙葉,external,5576
other-search,小野花梨,external,152093
other-search,おのののか,external,4135
other-search,尾野真千子,external,13353
other-search,皆藤愛子,external,13219
other-search,賀来千香子,external,16410
other-search,筧美和子,external,24330
other-search,柏木由紀,external,16142
other-search,片桐はいり,external,6837
other-search,かたせ梨乃,external,11031
other-search,片平なぎさ,external,34775
other-search,片山友希,external,12178
other-search,加藤小夏,external,2222
other-search,門脇麦,external,94621
other-search,夏帆,external,58869
other-search,上白石萌歌,external,28693
other-search,上白石萌音,external,47400
other-search,茅島みずき,external,3206
other-search,河合優実,external,11544
other-search,川栄李奈,external,14520
other-search,河北麻友子,external,21790
other-search,川口春奈,external,45017
other-search,川島海荷,external,9645
other-search,川津明日香,external,11010
other-search,貫地谷しほり,external,11040
other-search,菅野美穂,external,16249
other-search,菅野莉央,external,4241
other-search,菊池桃子,external,13666
other-search,岸井ゆきの,external,38532
other-search,貴島明日香,external,23110
other-search,岸本加世子,external,3997
other-search,北川景子,external,106319
other-search,北乃きい,external,29495
other-search,吉瀬美智子,external,10951
other-search,木南晴夏,external,58068
other-search,木村カエラ,external,16913
other-search,木村多江,external,9382
other-search,木村文乃,external,38206
other-search,キムラ緑子,external,5969
other-search,木村佳乃,external,21063
other-search,きゃりーぱみゅぱみゅ,external,18223
other-search,清原果耶,external,24785
other-search,桐谷美玲,external,15709
other-search,草刈民代,external,3152
other-search,工藤美桜,external,11087
other-search,国仲涼子,external,27971
other-search,久保田紗友,external,15040
other-search,久間田琳加,external,17598
other-search,倉科カナ,external,47803
other-search,栗山千明,external,29687
other-search,黒木華,external,43009
other-search,黒木瞳,external,19123
other-search,黒沢かずこ,external,4189
other-search,黒島結菜,external,36176
other-search,黒谷友香,external,27055
other-search,小池栄子,external,18255
other-search,Cocomi,external,14139
other-search,小芝風花,external,53471
other-search,小嶋陽菜,external,7592
other-search,小西桜子,external,4783
other-search,小西真奈美,external,7847
other-search,小林聡美,external,16813
other-search,小松菜奈,external,23508
other-search,小雪_(女優),external,14723
other-search,近藤春菜,external,8675
other-search,紺野彩夏,external,14309
other-search,紺野まひる,external,3173
other-search,紺野美沙子,external,5785
other-search,財前直見,external,17655
other-search,齋藤飛鳥,external,32289
other-search,斉藤由貴,external,22765
other-search,紗栄子,external,31076
other-search,坂井真紀,external,9518
other-search,酒井美紀,external,8058
other-search,酒井若菜,external,11060
other-search,榊原郁恵,external,7833
other-search,坂下千里子,external,10187
other-search,坂ノ上茜,external,9454
other-search,佐久間由衣,external,26286
other-search,桜井日奈子,external,15932
other-search,桜井ユキ,external,32231
other-search,桜田ひより,external,24702
other-search,桜庭ななみ,external,116916
other-search,佐々木希,external,17929
other-search,指原莉乃,external,17244
other-search,佐藤栞里,external,44990
other-search,佐藤玲,external,17
other-search,佐野ひなこ,external,10274
other-search,沢口靖子,external,12278
other-search,SHELLY,external,9573
other-search,シシド・カフカ,external,6368
other-search,志田彩良,external,5637
other-search,志田未来,external,41881
other-search,篠原涼子,external,23713
other-search,柴咲コウ,external,19611
other-search,柴田理恵,external,4308
other-search,渋谷凪咲,external,25153
other-search,島崎遥香,external,7159
other-search,島崎和歌子,external,12740
other-search,清水ミチコ,external,4201
other-search,趣里,external,50021
other-search,白石聖,external,18660
other-search,白石麻衣,external,24959
other-search,白石美帆,external,8192
other-search,新川優愛,external,29186
other-search,杉咲花,external,24854
other-search,杉本彩,external,9595
other-search,鈴木京香,external,10849
other-search,鈴木砂羽,external,13531
other-search,鈴木奈々,external,8042
other-search,鈴木保奈美,external,9603
other-search,鈴木ゆうか,external,7666
other-search,鈴木梨央,external,13925
other-search,須藤理彩,external,10667
other-search,鷲見玲奈,external,19472
other-search,清野菜名,external,48309
other-search,関水渚,external,71434
other-search,瀬戸朝香,external,10364
other-search,染野有来,external,1273
other-search,大地真央,external,18277
other-search,平祐奈,external,15021
other-search,高岡早紀,external,31894
other-search,高島彩,external,14943
other-search,高嶋ちさ子,external,20979
other-search,高島礼子,external,15481
other-search,高梨臨,external,25961
other-search,高橋惠子,external,17190
other-search,髙橋ひかる,external,34139
other-search,高橋ひとみ,external,4234
other-search,高橋真麻,external,14583
other-search,高橋みなみ,external,10747
other-search,高橋メアリージュン,external,10010
other-search,高畑淳子,external,12088
other-search,高畑充希,external,20432
other-search,瀧内公美,external,52761
other-search,滝川クリステル,external,7369
other-search,滝沢カレン,external,17797
other-search,瀧本美織,external,8532
other-search,竹下景子,external,6788
other-search,武田梨奈,external,4417
other-search,武田玲奈,external,9840
other-search,田中美佐子,external,7070
other-search,田中道子,external,40126
other-search,田中みな実,external,42223
other-search,田中律子,external,9624
other-search,田中麗奈,external,6866
other-search,田辺桃子,external,44798
other-search,田鍋梨々花,external,1908
other-search,谷まりあ,external,41691
other-search,多部未華子,external,28204
other-search,玉城ティナ,external,11626
other-search,ダレノガレ明美,external,9768
other-search,檀れい,external,11585
other-search,壇蜜,external,11276
other-search,千秋_(タレント),external,11500
other-search,知花くらら,external,21960
other-search,土村芳,external,4005
other-search,土屋アンナ,external,5989
other-search,土屋太鳳,external,53463
other-search,恒松祐里,external,26564
other-search,椿鬼奴,external,5876
other-search,鶴田真由,external,6012
other-search,出口夏希,external,24585
other-search,寺島しのぶ,external,24921
other-search,當真あみ,external,72936
other-search,常盤貴子,external,40960
other-search,徳永えり,external,7274
other-search,戸田恵梨香,external,27665
other-search,戸田恵子,external,23243
other-search,戸田菜穂,external,10062
other-search,富田望生,external,16304
other-search,富田靖子,external,4680
other-search,ともさかりえ,external,12674
other-search,友近,external,9067
other-search,豊嶋花,external,25188
other-search,トラウデン直美,external,37571
other-search,トリンドル玲奈,external,33112
other-search,なえなの,external,11492
other-search,奈緒,external,49302
other-search,仲里依紗,external,82911
other-search,長井短,external,29402
other-search,中川翔子,external,44663
other-search,中越典子,external,4579
other-search,永作博美,external,41808
other-search,長澤樹,external,3480
other-search,長澤まさみ,external,36473
other-search,中島セナ,external,2179
other-search,中条あやみ,external,32976
other-search,中谷美紀,external,21588
other-search,永野芽郁,external,25136
other-search,仲間由紀恵,external,13733
other-search,中村アン,external,14007
other-search,中村静香,external,11905
other-search,中村ゆり,external,48280
other-search,中村ゆりか,external,5835
other-search,中山美穂,external,25476
other-search,夏川結衣,external,13863
other-search,夏木マリ,external,12208
other-search,夏菜,external,5515
other-search,名取裕子,external,11905
other-search,菜々緒,external,47471
other-search,成海璃子,external,7510
other-search,二階堂ふみ,external,27579
other-search,西田尚美,external,12016
other-search,西野七瀬,external,29277
other-search,生見愛瑠,external,46202
other-search,萩原みのり,external,2957
other-search,橋本愛_(1996年生),external,15734
other-search,橋本環奈,external,74154
other-search,橋本マナミ,external,14979
other-search,長谷川京子,external,8378
other-search,羽田美智子,external,14001
other-search,馬場ふみか,external,46306
other-search,濱田マリ,external,15976
other-search,浜辺美波,external,37103
other-search,早見あかり,external,17633
other-search,原沙知絵,external,11743
other-search,原菜乃華,external,23130
other-search,原日出子,external,15536
other-search,原田知世,external,12913
other-search,原田美枝子,external,7547
other-search,波瑠,external,40305
other-search,比嘉愛未,external,26226
other-search,樋口可南子,external,4407
other-search,ヒコロヒー,external,100592
other-search,久本雅美,external,7444
other-search,平岩紙,external,13848
other-search,平子理沙,external,10853
other-search,平手友梨奈,external,18572
other-search,広末涼子,external,23119
other-search,広瀬アリス,external,21809
other-search,広瀬すず,external,66439
other-search,ファーストサマーウイカ,external,50550
other-search,笛木優子,external,5351
other-search,深川麻衣,external,11883
other-search,深田恭子,external,34663
other-search,深津絵里,external,13341
other-search,吹石一恵,external,8311
other-search,福地桃子,external,8938
other-search,福原遥,external,116261
other-search,福本莉子,external,31868
other-search,藤田ニコル,external,28952
other-search,藤田弓子,external,2169
other-search,藤野涼子,external,3243
other-search,藤本美貴,external,25264
other-search,藤原さくら,external,7700
other-search,藤原紀香,external,17995
other-search,風吹ジュン,external,16386
other-search,古川琴音,external,118668
other-search,古畑星夏,external,37772
other-search,フワちゃん,external,43894
other-search,ベッキー,external,36326
other-search,辺見えみり,external,8138
other-search,北斗晶,external,23886
other-search,堀田茜,external,12034
other-search,堀田真由,external,61537
other-search,ホラン千秋,external,35450
other-search,堀内敬子,external,6496
other-search,本上まなみ,external,32576
other-search,本田翼,external,19478
other-search,本田望結,external,23822
other-search,前田敦子,external,12432
other-search,マギー_(モデル),external,8598
other-search,真木よう子,external,17350
other-search,蒔田彩珠,external,7104
other-search,益若つばさ,external,11942
other-search,松たか子,external,18656
other-search,松井愛莉,external,11315
other-search,松井玲奈,external,8829
other-search,松岡茉優,external,25789
other-search,松風理咲,external,2379
other-search,松坂慶子,external,10714
other-search,松下奈緒,external,22647
other-search,松下由樹,external,13463
other-search,松嶋菜々子,external,29564
other-search,松嶋尚美,external,3934
other-search,松島花,external,8452
other-search,松田聖子,external,29673
other-search,松田るか,external,5856
other-search,松本伊代,external,28607
other-search,松本穂香,external,36311
other-search,松本まりか,external,101907
other-search,松本若菜,external,83967
other-search,松雪泰子,external,11531
other-search,真飛聖,external,21009
other-search,眞鍋かをり,external,14157
other-search,真矢ミキ,external,13559
other-search,丸山桂里奈,external,24798
other-search,萬田久子,external,23193
other-search,萬波ユカ,external,567
other-search,三浦透子,external,31349
other-search,見上愛,external,11512
other-search,水川あさみ,external,26061
other-search,水谷果穂,external,5097
other-search,水野真紀,external,21589
other-search,水野美紀,external,17458
other-search,水原希子,external,14085
other-search,光浦靖子,external,8104
other-search,観月ありさ,external,11525
other-search,満島ひかり,external,48000
other-search,三戸なつめ,external,2023
other-search,南果歩,external,8934
other-search,南沙良,external,74281
other-search,南沢奈央,external,11737
other-search,南野陽子,external,16904
other-search,美村里江,external,26270
other-search,宮﨑あおい,external,24682
other-search,宮崎美子,external,10535
other-search,宮澤エマ,external,123333
other-search,宮沢りえ,external,27678
other-search,宮本信子,external,9632
other-search,宮本茉由,external,63675
other-search,三吉彩花,external,23234
other-search,村上佳菜子,external,9195
other-search,村上知子,external,1451
other-search,室井滋,external,4398
other-search,MEGUMI,external,38151
other-search,本仮屋ユイカ,external,19524
other-search,桃井かおり,external,8703
other-search,百田夏菜子,external,13609
other-search,森泉,external,15681
other-search,森絵梨佳,external,2012
other-search,森七菜,external,23530
other-search,森星,external,43944
other-search,森尾由美,external,12989
other-search,森川葵,external,17216
other-search,森口瑤子,external,19631
other-search,森田想,external,1675
other-search,森田望智,external,13849
other-search,森高千里,external,23479
other-search,八木莉可子,external,212114
other-search,薬師丸ひろ子,external,16269
other-search,安めぐみ,external,3258
other-search,安田成美,external,9174
other-search,安田美沙子,external,6345
other-search,矢田亜希子,external,24408
other-search,箭内夢菜,external,27848
other-search,柳ゆり菜,external,9022
other-search,柳原可奈子,external,4575
other-search,矢作穂香,external,16378
other-search,山口紗弥加,external,46571
other-search,山口智子,external,7432
other-search,山口まゆ_(女優),external,3417
other-search,山口もえ,external,13292
other-search,山崎静代,external,12387
other-search,山崎紘菜,external,96963
other-search,山下美月,external,64128
other-search,山田杏奈,external,11045
other-search,山田真歩,external,12385
other-search,山田優_(モデル),external,6638
other-search,山之内すず,external,17354
other-search,山本舞香,external,58731
other-search,山本美月,external,30238
other-search,YOU_(タレント),external,33447
other-search,優香,external,33605
other-search,優木まおみ,external,14460
other-search,古川優奈,external,42128
other-search,ゆりやんレトリィバァ,external,18358
other-search,余貴美子,external,11842
other-search,横澤夏子,external,31479
other-search,横田真悠,external,31587
other-search,吉岡里帆,external,50385
other-search,吉川愛,external,30772
other-search,吉田美月喜,external,1169
other-search,吉田羊,external,13394
other-search,吉田莉桜,external,975
other-search,吉高由里子,external,96989
other-search,吉谷彩子,external,55761
other-search,吉永小百合,external,23110
other-search,芳根京子,external,66723
other-search,与田祐希,external,11537
other-search,米倉涼子,external,17394
other-search,米倉れいあ,external,5085
other-search,RIKACO,external,17610
other-search,莉子_(モデル),external,7730
other-search,りょう_(女優),external,5362
other-search,遼河はるひ,external,10388
other-search,LiLiCo,external,11443
other-search,蓮佛美沙子,external,21524
other-search,ローラ_(モデル),external,30971
other-search,若月佑美,external,20771
other-search,若村麻由美,external,18296
other-search,和久井映見,external,7548
other-search,和田アキ子,external,22776
other-search,渡辺えり,external,5395
other-search,渡辺直美,external,17273
other-search,渡辺真起子,external,3572
other-search,渡辺満里奈,external,5491
other-search,阿佐ヶ谷姉妹,external,18090
other-search,ガンバレルーヤ,external,32948
other-search,3時のヒロイン,external,62334
other-search,ぼる塾,external,58310
