哀川翔,高橋克典,link,10
哀川翔,東山紀之,link,14
哀川翔,福地桃子,link,4509
哀川翔,柳葉敏郎,link,102
哀川翔,有吉弘行,link,21
哀川翔,寺島進,link,31
哀川翔,ヒロミ,link,28
哀川翔,RIKACO,link,200
哀川翔,高畑淳子,link,14
哀川翔,矢沢永吉,link,58
哀川翔,勝俣州和,link,51
相葉雅紀,櫻井翔,link,760
相葉雅紀,松本潤,link,15
相葉雅紀,藤井流星,link,44
相葉雅紀,風間俊介,link,160
相葉雅紀,小峠英二,link,154
相葉雅紀,内田有紀,link,102
相葉雅紀,二宮和也,link,31
青木崇高,優香,link,1448
青木崇高,佐藤健_(俳優),link,82
青木崇高,音尾琢真,link,53
青木崇高,貫地谷しほり,link,30
青柳翔,町田啓太,link,43
青柳翔,佐藤寛太,link,35
明石家さんま,玉山鉄二,link,41
明石家さんま,ビートたけし,link,676
明石家さんま,生瀬勝久,link,37
明石家さんま,笑福亭鶴瓶,link,93
明石家さんま,児嶋一哉,link,12
明石家さんま,浅田美代子,link,13
明石家さんま,中居正広,link,11
明石家さんま,桑田佳祐,link,18
明石家さんま,佐藤浩市,link,15
明石家さんま,成田凌,link,13
明石家さんま,太田光,link,19
明石家さんま,今田耕司,link,17
明石家さんま,北村匠海,link,14
明石家さんま,安田顕,link,13
明石家さんま,温水洋一,link,17
明石家さんま,高田純次,link,35
明石家さんま,大竹しのぶ,link,1067
明石家さんま,タモリ,link,667
明石家さんま,岡村隆史,link,64
明石家さんま,所ジョージ,link,14
明石家さんま,IMALU,link,1189
明石家さんま,菅田将暉,link,22
明石家さんま,木村拓哉,link,12
赤楚衛二,福本莉子,link,36
赤楚衛二,浜辺美波,link,17
赤楚衛二,北村匠海,link,25
赤楚衛二,馬場ふみか,link,437
秋山竜次,千鳥_(お笑いコンビ),link,62
浅野忠信,加瀬亮,link,82
浅野忠信,松田龍平,link,23
浅利陽介,比嘉愛未,link,124
浅利陽介,新垣結衣,link,32
浅利陽介,山下智久,link,66
浅利陽介,戸田恵梨香,link,44
あばれる君,劇団ひとり,link,43
阿部サダヲ,荒川良々,link,21
阿部サダヲ,芦田愛菜,link,10
阿部サダヲ,温水洋一,link,200
阿部寛,鈴木亮平_(俳優),link,27
阿部寛,濱田岳,link,12
阿部寛,佐藤浩市,link,98
阿部寛,妻夫木聡,link,57
阿部寛,南野陽子,link,89
阿部寛,竹野内豊,link,18
阿部寛,岡田准一,link,35
阿部寛,役所広司,link,45
阿部寛,仲間由紀恵,link,110
天野ひろゆき,ウド鈴木,link,1822
天野ひろゆき,内村光良,link,27
天野ひろゆき,宮川大輔_(タレント),link,99
天野ひろゆき,南原清隆,link,14
天野ひろゆき,飯尾和樹,link,171
綾野剛,山田孝之,link,45
綾野剛,舘ひろし,link,15
綾野剛,妻夫木聡,link,53
綾野剛,堤真一,link,15
綾野剛,菅田将暉,link,16
綾野剛,星野源,link,24
綾野剛,小栗旬,link,30
綾野剛,尾野真千子,link,38
新田真剣佑,北村匠海,link,309
新田真剣佑,眞栄田郷敦,link,11602
有岡大貴,山田涼介,link,26
有岡大貴,中島裕翔,link,61
有岡大貴,香取慎吾,link,17
有岡大貴,伊野尾慧,link,75
有岡大貴,知念侑李,link,34
有岡大貴,中川大志_(俳優),link,74
有田哲平,設楽統,link,22
有田哲平,上田晋也,link,2731
有田哲平,堀内健,link,35
有田哲平,土田晃之,link,29
有田哲平,深田恭子,link,80
有田哲平,ケンドーコバヤシ,link,17
有田哲平,山崎弘也,link,36
有田哲平,内村光良,link,11
有田哲平,菅野美穂,link,27
有吉弘行,ビビる大木,link,291
有吉弘行,設楽統,link,18
有吉弘行,藤田ニコル,link,31
有吉弘行,吉村崇,link,39
有吉弘行,土田晃之,link,28
有吉弘行,マツコ・デラックス,link,11
有吉弘行,劇団ひとり,link,486
有吉弘行,春風亭昇太,link,11
有吉弘行,タカアンドトシ,link,26
有吉弘行,ベッキー,link,20
有吉弘行,内村光良,link,10
有吉弘行,池田美優,link,38
有吉弘行,千原ジュニア,link,36
有吉弘行,さまぁ〜ず,link,19
有吉弘行,小籔千豊,link,84
飯尾和樹,ウド鈴木,link,50
飯尾和樹,出川哲朗,link,38
飯尾和樹,関根勤,link,12
飯尾和樹,天野ひろゆき,link,111
飯尾和樹,タモリ,link,12
飯尾和樹,内村光良,link,20
飯尾和樹,さまぁ〜ず,link,13
井浦新,永山瑛太,link,153
井浦新,成田凌,link,182
井浦新,佐久間由衣,link,52
井浦新,黒島結菜,link,16
井浦新,志田彩良,link,12
生田斗真,松本潤,link,56
生田斗真,尾上松也_(2代目),link,286
生田斗真,相葉雅紀,link,43
生田斗真,山下智久,link,80
生田斗真,風間俊介,link,193
生田斗真,清野菜名,link,8950
生田斗真,ウエンツ瑛士,link,54
生田斗真,二宮和也,link,36
石塚英彦,中山秀征,link,181
石塚英彦,伊集院光,link,61
石塚英彦,恵俊彰,link,702
石橋貴明,鈴木保奈美,link,4045
石橋貴明,福澤朗,link,12
石橋貴明,浜田雅功,link,124
石橋貴明,ケンドーコバヤシ,link,20
石橋貴明,所ジョージ,link,32
石橋貴明,木梨憲武,link,2153
石原良純,中村倫也,link,13
石原良純,木村文乃,link,34
石原良純,小泉孝太郎,link,48
伊集院光,和田アキ子,link,18
泉澤祐希,山田孝之,link,14
泉澤祐希,志尊淳,link,34
泉澤祐希,磯村勇斗,link,109
磯村勇斗,稲葉友,link,32
磯村勇斗,竹内涼真,link,53
磯村勇斗,菅田将暉,link,44
磯村勇斗,満島ひかり,link,28
磯村勇斗,有村架純,link,84
板尾創路,松本人志,link,43
板尾創路,今田耕司,link,162
板尾創路,千原ジュニア,link,22
板垣瑞生,与田祐希,link,12
板垣瑞生,高良健吾,link,65
板垣瑞生,松井愛莉,link,13
板垣瑞生,菅田将暉,link,21
板垣李光人,紺野彩夏,link,25
板垣李光人,鈴鹿央士,link,24
板垣李光人,三浦貴大,link,525
板垣李光人,市原隼人,link,381
市川猿之助_(4代目),松本幸四郎,link,41
市川猿之助_(4代目),佐々木蔵之介,link,36
市川猿之助_(4代目),香川照之,link,1029
市川團十郎_(13代目),伊藤英明,link,18
市川團十郎_(13代目),松たか子,link,10
市原隼人,佐藤隆太,link,65
市原隼人,板垣李光人,link,51
市村正親,篠原涼子,link,673
市村正親,大泉洋,link,69
市村正親,筧利夫,link,43
市村正親,石原さとみ,link,18
IKKO,高良健吾,link,129
井手上漠,渡辺直美,link,26
伊藤淳史,西島秀俊,link,62
伊藤淳史,仲村トオル,link,30
伊藤英明,宮沢りえ,link,58
稲垣吾郎,中居正広,link,149
稲垣吾郎,香取慎吾,link,307
稲垣吾郎,安田顕,link,120
稲垣吾郎,草彅剛,link,292
稲垣吾郎,木村拓哉,link,164
犬飼貴丈,赤楚衛二,link,141
犬飼貴丈,竜星涼,link,122
井上祐貴,小栗旬,link,11
伊野尾慧,山本美月,link,12
伊野尾慧,城島茂,link,44
伊野尾慧,有岡大貴,link,53
伊野尾慧,山下智久,link,21
伊野尾慧,岡田准一,link,14
伊野尾慧,大倉忠義,link,16
井ノ原快彦,松岡昌宏,link,170
井ノ原快彦,瀬戸朝香,link,5239
井ノ原快彦,国分太一,link,114
井ノ原快彦,香取慎吾,link,135
井之脇海,染谷将太,link,106
井之脇海,加瀬亮,link,116
井之脇海,菅田将暉,link,43
井之脇海,香川照之,link,146
井之脇海,吉谷彩子,link,14
今井翼,櫻井翔,link,45
今田耕司,西田尚美,link,28
今田耕司,福山雅治,link,53
今田耕司,出川哲朗,link,26
今田耕司,松本人志,link,62
今田耕司,浜田雅功,link,233
今田耕司,大塚寧々,link,27
今田耕司,岡村隆史,link,66
今田耕司,千原ジュニア,link,31
今田耕司,板尾創路,link,69
今田耕司,又吉直樹,link,54
今田耕司,東野幸治,link,1845
岩田剛典,山下健二郎,link,248
上田晋也,古舘伊知郎,link,18
上田晋也,児嶋一哉,link,14
上田晋也,若林正恭,link,12
上田晋也,有田哲平,link,3114
上田晋也,山崎弘也,link,13
上田晋也,木村拓哉,link,11
上田晋也,仲間由紀恵,link,34
ウエンツ瑛士,北乃きい,link,51
ウエンツ瑛士,森高千里,link,13
ウエンツ瑛士,生田斗真,link,36
ウエンツ瑛士,小池徹平,link,533
ウエンツ瑛士,郷ひろみ,link,12
宇梶剛士,吉川晃司,link,225
宇梶剛士,東山紀之,link,180
宇梶剛士,ヒロミ,link,1287
宇梶剛士,渡辺えり,link,58
内野聖陽,山本耕史,link,112
内野聖陽,寺島しのぶ,link,78
内野聖陽,西島秀俊,link,201
内野聖陽,市川猿之助_(4代目),link,20
内野聖陽,貫地谷しほり,link,13
内村光良,ウド鈴木,link,31
内村光良,笑福亭鶴瓶,link,15
内村光良,出川哲朗,link,531
内村光良,桑田佳祐,link,19
内村光良,ヒロミ,link,12
内村光良,ガンバレルーヤ,link,23
内村光良,松本人志,link,154
内村光良,中山秀征,link,166
内村光良,南原清隆,link,1560
内村光良,さまぁ〜ず,link,53
内村光良,東野幸治,link,22
ウド鈴木,千秋_(タレント),link,14
ウド鈴木,光浦靖子,link,50
ウド鈴木,大久保佳代子,link,23
ウド鈴木,関根勤,link,16
ウド鈴木,天野ひろゆき,link,1810
ウド鈴木,内村光良,link,20
ウド鈴木,秋山竜次,link,28
ウド鈴木,飯尾和樹,link,51
梅沢富美男,松岡昌宏,link,17
梅沢富美男,皆藤愛子,link,25
梅沢富美男,浜田雅功,link,35
江口洋介,佐藤浩市,link,227
江口洋介,森高千里,link,7215
江口洋介,唐沢寿明,link,313
江口洋介,織田裕二,link,11
江口洋介,松下奈緒,link,48
江口洋介,役所広司,link,31
江口洋介,武田鉄矢,link,46
柄本明,柄本佑,link,1889
柄本明,笹野高史,link,292
柄本明,小林薫,link,97
柄本明,高田純次,link,106
柄本明,柄本時生,link,1359
柄本明,安藤サクラ,link,960
柄本佑,奥田瑛二,link,470
柄本佑,城島茂,link,14
柄本佑,高良健吾,link,110
柄本佑,柄本時生,link,3547
柄本佑,柄本明,link,1637
柄本佑,風吹ジュン,link,191
柄本佑,安藤サクラ,link,2051
柄本時生,柄本佑,link,1899
柄本時生,柄本明,link,806
柄本時生,安藤サクラ,link,565
遠藤憲一,滝藤賢一,link,67
遠藤憲一,光石研,link,72
遠藤憲一,中村雅俊,link,16
遠藤憲一,高橋克実,link,29
遠藤章造,藤井隆,link,56
遠藤章造,田中直樹_(お笑い芸人),link,617
遠藤章造,千秋_(タレント),link,541
遠藤章造,田中将大,link,37
遠藤章造,関根勤,link,21
及川光博,檀れい,link,3517
及川光博,真飛聖,link,149
及川光博,滝川クリステル,link,43
及川光博,唐沢寿明,link,107
及川光博,水谷豊,link,65
大泉洋,松村北斗,link,57
大泉洋,福山雅治,link,95
大泉洋,ヒロミ,link,35
大泉洋,北村一輝,link,20
大泉洋,小池栄子,link,71
大泉洋,安田顕,link,1362
大泉洋,戸次重幸,link,1047
大泉洋,音尾琢真,link,549
大泉洋,小栗旬,link,45
大倉孝二,八嶋智人,link,105
大倉忠義,安田章大,link,107
大倉忠義,横山裕,link,66
大倉忠義,丸山隆平,link,99
大沢たかお,鶴田真由,link,51
大沢たかお,竹野内豊,link,123
太田光,古舘伊知郎,link,16
太田光,ビートたけし,link,23
太田光,上田晋也,link,72
太田光,真木よう子,link,14
太田光,桑田佳祐,link,18
太田光,伊集院光,link,17
太田光,さまぁ〜ず,link,84
大谷翔平,田中将大,link,304
大谷亮平,ディーン・フジオカ,link,168
大谷亮平,大谷翔平,link,18
岡田圭右,設楽統,link,27
岡田圭右,岡田結実,link,942
岡田圭右,小籔千豊,link,36
岡田准一,高橋一生,link,608
岡田准一,鈴木亮平_(俳優),link,105
岡田准一,妻夫木聡,link,84
岡田准一,宮﨑あおい,link,4899
岡田将生,松坂桃李,link,10
岡田将生,中井貴一,link,12
岡田将生,村上虹郎,link,158
岡田将生,長澤まさみ,link,47
岡村隆史,出川哲朗,link,42
岡村隆史,矢部浩之,link,1737
岡村隆史,松本人志,link,16
岡村隆史,内村光良,link,14
岡村隆史,宮川大輔_(タレント),link,165
岡山天音,道枝駿佑,link,28
岡山天音,松村北斗,link,209
岡山天音,山田涼介,link,12
岡山天音,上白石萌歌,link,37
奥田瑛二,柄本佑,link,448
奥田瑛二,松坂慶子,link,29
奥田瑛二,伊武雅刀,link,283
奥田瑛二,桃井かおり,link,27
奥田瑛二,安藤サクラ,link,1352
奥平大兼,山田孝之,link,12
奥平大兼,山田杏奈,link,14
小栗旬,柄本佑,link,20
小栗旬,坂口健太郎,link,33
小栗旬,高良健吾,link,40
小栗旬,大泉洋,link,60
小栗旬,妻夫木聡,link,79
小栗旬,吉田鋼太郎,link,17
小栗旬,生田斗真,link,29
小栗旬,北村匠海,link,13
小栗旬,岡田将生,link,48
小栗旬,西島秀俊,link,37
小栗旬,内田有紀,link,439
小栗旬,山田優_(モデル),link,3734
小澤征悦,北川景子,link,38
小澤征悦,千葉雄大,link,152
小澤征悦,黒木瞳,link,47
小澤征悦,DAIGO,link,20
織田裕二,江口洋介,link,272
織田裕二,陣内孝則,link,14
織田裕二,原田知世,link,65
織田裕二,ユースケ・サンタマリア,link,20
織田裕二,的場浩司,link,101
オダギリジョー,ビートたけし,link,19
オダギリジョー,池松壮亮,link,114
音尾琢真,福山雅治,link,18
音尾琢真,大泉洋,link,135
音尾琢真,安田顕,link,108
音尾琢真,戸次重幸,link,238
尾上松也_(2代目),城田優,link,80
尾上松也_(2代目),松本潤,link,41
尾上松也_(2代目),生田斗真,link,173
尾上松也_(2代目),中村勘九郎_(6代目),link,88
尾上松也_(2代目),山崎育三郎,link,91
尾上松也_(2代目),市川猿之助_(4代目),link,290
尾上松也_(2代目),中村獅童_(2代目),link,297
香川照之,松本潤,link,136
香川照之,梅沢富美男,link,81
香川照之,市川猿之助_(4代目),link,1917
香川照之,堺雅人,link,157
賀来賢人,角田晃広,link,31
賀来賢人,鈴木亮平_(俳優),link,66
賀来賢人,賀来千香子,link,2154
賀来賢人,榮倉奈々,link,3225
賀来賢人,安田顕,link,19
賀来賢人,ユースケ・サンタマリア,link,17
風間俊介,相葉雅紀,link,164
風間俊介,生田斗真,link,400
風間俊介,山下智久,link,80
風間俊介,佐藤勝利,link,19
風間俊介,二宮和也,link,170
笠松将,浜野謙太,link,32
笠松将,古川雄輝,link,25
笠松将,綾野剛,link,32
春日俊彰,ビートたけし,link,16
春日俊彰,若林正恭,link,2238
春日俊彰,向井理,link,25
春日俊彰,フワちゃん,link,12
春日俊彰,ナイツ_(お笑いコンビ),link,34
カズレーザー,天海祐希,link,84
カズレーザー,EXIT_(お笑いコンビ),link,30
カズレーザー,及川光博,link,86
加瀬亮,浅野忠信,link,74
加瀬亮,市原隼人,link,20
片岡愛之助_(6代目),藤原紀香,link,924
片岡愛之助_(6代目),堺雅人,link,13
片桐仁,角田晃広,link,16
片桐仁,浅野忠信,link,31
勝地涼,瀬戸朝香,link,52
勝地涼,堂本光一,link,10
勝地涼,前田敦子,link,1318
勝地涼,渡部篤郎,link,15
勝俣州和,本上まなみ,link,128
勝俣州和,出川哲朗,link,21
勝俣州和,内村光良,link,25
勝俣州和,和田アキ子,link,19
勝俣州和,恵俊彰,link,86
勝村政信,筧利夫,link,414
加藤浩次,遠藤章造,link,17
加藤浩次,田村淳,link,11
加藤浩次,大久保佳代子,link,14
加藤浩次,矢部浩之,link,25
加藤浩次,名倉潤,link,68
加藤清史郎,芦田愛菜,link,25
加藤清史郎,反町隆史,link,11
加藤諒,きゃりーぱみゅぱみゅ,link,19
香取慎吾,ウド鈴木,link,40
香取慎吾,稲垣吾郎,link,311
香取慎吾,山本耕史,link,91
香取慎吾,観月ありさ,link,85
香取慎吾,天野ひろゆき,link,48
香取慎吾,草彅剛,link,370
香取慎吾,須賀健太,link,51
金子ノブアキ,安達祐実,link,25
金子ノブアキ,中村勘九郎_(6代目),link,27
金子ノブアキ,ともさかりえ,link,10
金子ノブアキ,斎藤工,link,151
川平慈英,博多華丸・大吉,link,13
神尾楓珠,森七菜,link,97
神尾楓珠,芋生悠,link,34
神尾楓珠,伊藤英明,link,169
上川隆也,及川光博,link,37
上川隆也,唐沢寿明,link,45
上川隆也,本木雅弘,link,29
神木隆之介,山田涼介,link,96
神木隆之介,野村周平,link,72
神木隆之介,志田未来,link,183
神木隆之介,中島裕翔,link,47
神木隆之介,川島海荷,link,92
神木隆之介,知念侑李,link,53
神木隆之介,松本穂香,link,24
神木隆之介,佐藤健_(俳優),link,10
神木隆之介,中川大志_(俳優),link,17
上地雄輔,中尾明慶,link,22
上地雄輔,つるの剛士,link,142
上地雄輔,芳根京子,link,20
上地雄輔,明石家さんま,link,15
上地雄輔,小泉孝太郎,link,135
亀梨和也,櫻井翔,link,15
亀梨和也,山田涼介,link,10
亀梨和也,藤ヶ谷太輔,link,198
亀梨和也,中丸雄一,link,226
亀梨和也,山下智久,link,149
唐沢寿明,渡辺謙,link,28
唐沢寿明,西田敏行,link,58
唐沢寿明,長谷川博己,link,21
唐沢寿明,江口洋介,link,49
唐沢寿明,谷原章介,link,30
唐沢寿明,榊原郁恵,link,49
唐沢寿明,及川光博,link,58
唐沢寿明,寺脇康文,link,10
唐沢寿明,織田裕二,link,56
唐沢寿明,山口智子,link,2021
唐沢寿明,桜田ひより,link,12
唐沢寿明,浅野ゆう子,link,43
唐沢寿明,窪田正孝,link,17
河合郁人,亀梨和也,link,22
河合郁人,後藤輝基,link,53
河合郁人,東山紀之,link,16
河合郁人,村上信五,link,32
河合郁人,松本潤,link,25
川島明,くっきー!,link,263
川島明,山崎弘也,link,99
川島明,バカリズム,link,17
川島明,千原ジュニア,link,26
川島明,サンドウィッチマン_(お笑いコンビ),link,10
川島明,眞鍋かをり,link,431
神田正輝,松田聖子,link,762
神田正輝,舘ひろし,link,145
神田正輝,菅田将暉,link,57
カンニング竹山,博多華丸・大吉,link,156
カンニング竹山,乙葉,link,36
カンニング竹山,木梨憲武,link,18
菊池風磨,山田涼介,link,137
菊池風磨,中丸雄一,link,23
菊池風磨,中島健人,link,283
菊池風磨,知念侑李,link,39
菊池風磨,佐藤勝利,link,118
菊池風磨,二宮和也,link,39
岸優太,井ノ原快彦,link,21
岸優太,永瀬廉,link,12
岸優太,髙橋海人,link,191
岸優太,重岡大毅,link,65
岸優太,佐藤勝利,link,644
岸優太,鈴木梨央,link,29
岸優太,北山宏光,link,35
岸優太,神宮寺勇太,link,271
岸谷五朗,三宅裕司,link,113
岸谷五朗,今田耕司,link,13
岸谷五朗,寺脇康文,link,382
岸谷五朗,恵俊彰,link,64
北大路欣也,高橋英樹_(俳優),link,11
北村一輝,柴咲コウ,link,13
北村一輝,戸田恵梨香,link,30
北村匠海,福本莉子,link,40
北村匠海,赤楚衛二,link,106
北村匠海,浜辺美波,link,76
北村匠海,岡田将生,link,46
北村匠海,土屋太鳳,link,49
北村匠海,小栗旬,link,26
北村匠海,三浦知良,link,64
北村匠海,池松壮亮,link,102
北村匠海,佐藤寛太,link,89
北山宏光,玉森裕太,link,38
北山宏光,藤ヶ谷太輔,link,54
北山宏光,山下智久,link,63
北山宏光,佐藤勝利,link,67
北山宏光,大倉忠義,link,35
吉川晃司,松岡昌宏,link,17
吉川晃司,ビートたけし,link,16
吉川晃司,桑田佳祐,link,13
吉川晃司,宇梶剛士,link,20
木梨憲武,笑福亭鶴瓶,link,12
木梨憲武,伊藤淳史,link,20
木梨憲武,中井貴一,link,60
木梨憲武,松本伊代,link,12
木梨憲武,ヒロミ,link,114
木梨憲武,佐藤浩市,link,57
木梨憲武,石橋貴明,link,1299
木梨憲武,所ジョージ,link,26
木梨憲武,松本穂香,link,48
木梨憲武,安田成美,link,1910
木梨憲武,水谷豊,link,24
木梨憲武,カンニング竹山,link,41
木村拓哉,稲垣吾郎,link,217
木村拓哉,松山ケンイチ,link,11
木村拓哉,吉田羊,link,16
木村拓哉,中井貴一,link,46
木村拓哉,中居正広,link,433
木村拓哉,マツコ・デラックス,link,73
木村拓哉,吉永小百合,link,19
木村拓哉,香取慎吾,link,186
木村拓哉,堤真一,link,46
木村拓哉,草彅剛,link,206
木村拓哉,Cocomi,link,4833
木村拓哉,明石家さんま,link,35
木村拓哉,二宮和也,link,141
桐山漣,赤楚衛二,link,30
桐山漣,菅田将暉,link,290
草刈正雄,草刈民代,link,140
草彅剛,稲垣吾郎,link,104
草彅剛,香取慎吾,link,289
草彅剛,タモリ,link,21
草彅剛,広末涼子,link,10
草彅剛,小西真奈美,link,23
草彅剛,木村拓哉,link,11
草彅剛,ユースケ・サンタマリア,link,30
くっきー!,真木よう子,link,11
くっきー!,ブラックマヨネーズ,link,68
くっきー!,ケンドーコバヤシ,link,61
くっきー!,ベッキー,link,13
くっきー!,堂本剛,link,13
くっきー!,千原ジュニア,link,28
くっきー!,ファーストサマーウイカ,link,27
國村隼,伊藤歩,link,16
窪田正孝,玉山鉄二,link,36
窪田正孝,小西桜子,link,25
窪田正孝,水川あさみ,link,3890
黒羽麻璃央,梅沢富美男,link,117
黒羽麻璃央,桜井ユキ,link,4093
桑田佳祐,古舘伊知郎,link,12
桑田佳祐,ビートたけし,link,15
桑田佳祐,野村周平,link,16
桑田佳祐,福山雅治,link,51
桑田佳祐,太田光,link,28
桑田佳祐,中村雅俊,link,27
桑田佳祐,タモリ,link,23
桑田佳祐,明石家さんま,link,14
劇団ひとり,設楽統,link,156
劇団ひとり,有吉弘行,link,304
劇団ひとり,村上信五,link,43
劇団ひとり,滝川クリステル,link,28
劇団ひとり,大沢あかね,link,2241
ケンドーコバヤシ,児嶋一哉,link,163
ケンドーコバヤシ,陣内智則,link,357
ケンドーコバヤシ,千原ジュニア,link,27
小池徹平,佐藤浩市,link,11
小池徹平,真矢ミキ,link,13
小池徹平,ウエンツ瑛士,link,691
小泉孝太郎,ムロツヨシ,link,814
小泉孝太郎,滝川クリステル,link,984
郷ひろみ,松田聖子,link,134
高良健吾,柄本佑,link,189
高良健吾,長谷川博己,link,25
高良健吾,竹野内豊,link,20
国分太一,松岡昌宏,link,142
国分太一,井ノ原快彦,link,48
国分太一,東山紀之,link,38
国分太一,城島茂,link,74
国分太一,堂本剛,link,19
児嶋一哉,設楽統,link,29
児嶋一哉,ヒロミ,link,78
児嶋一哉,陣内智則,link,71
児嶋一哉,松本人志,link,12
児嶋一哉,ケンドーコバヤシ,link,47
児嶋一哉,佐々木希,link,37
小関裕太,玉城ティナ,link,16
小関裕太,阿部寛,link,11
小瀧望,山田涼介,link,88
小瀧望,藤井流星,link,602
小瀧望,黒島結菜,link,25
後藤輝基,東野幸治,link,10
小峠英二,日村勇紀,link,69
小峠英二,ケンドーコバヤシ,link,46
小峠英二,さまぁ〜ず,link,18
小日向文世,中村雅俊,link,353
小宮浩信,ミルクボーイ,link,18
小宮浩信,千鳥_(お笑いコンビ),link,10
小宮浩信,柳原可奈子,link,28
小宮浩信,田中卓志,link,40
小宮璃央,鈴木ゆうか,link,35
小籔千豊,設楽統,link,144
小籔千豊,有吉弘行,link,105
小籔千豊,浜辺美波,link,29
小籔千豊,千鳥_(お笑いコンビ),link,55
小籔千豊,陣内智則,link,19
小籔千豊,劇団ひとり,link,65
小籔千豊,友近,link,34
小籔千豊,ケンドーコバヤシ,link,31
小籔千豊,かまいたち_(お笑いコンビ),link,24
小籔千豊,高橋茂雄,link,15
今野浩喜,遼河はるひ,link,79
斎藤工,柄本佑,link,21
斎藤工,くっきー!,link,18
斎藤工,向井理,link,23
斎藤工,泉里香,link,20
斎藤工,綾野剛,link,17
斎藤工,貫地谷しほり,link,65
堺正章,桑田佳祐,link,86
堺正章,堺雅人,link,31
堺雅人,片岡愛之助_(6代目),link,28
堺雅人,吉田鋼太郎,link,36
堺雅人,菅野美穂,link,2045
堺雅人,上戸彩,link,30
堺雅人,香川照之,link,148
坂上忍,武井壮,link,112
坂上忍,吉川晃司,link,22
坂上忍,安田美沙子,link,16
坂上忍,シシド・カフカ,link,29
坂上忍,マツコ・デラックス,link,10
坂上忍,ヒロミ,link,17
坂上忍,浅田舞,link,46
坂上忍,永瀬正敏,link,24
坂上忍,ホラン千秋,link,19
坂上忍,織田裕二,link,23
坂上忍,恵俊彰,link,13
坂上忍,眞鍋かをり,link,20
坂上忍,益若つばさ,link,119
坂口健太郎,吉田鋼太郎,link,116
坂口健太郎,綾瀬はるか,link,12
坂口健太郎,小松菜奈,link,22
坂口健太郎,永野芽郁,link,39
坂口健太郎,古川琴音,link,68
坂口健太郎,小栗旬,link,42
坂口健太郎,有村架純,link,11
坂口健太郎,杏_(女優),link,26
櫻井翔,亀梨和也,link,26
櫻井翔,神木隆之介,link,14
櫻井翔,今井翼,link,86
櫻井翔,妻夫木聡,link,42
櫻井翔,松本潤,link,28
櫻井翔,相葉雅紀,link,331
櫻井翔,佐藤隆太,link,31
櫻井翔,二宮和也,link,26
佐々木蔵之介,塚地武雅,link,39
佐々木蔵之介,市川猿之助_(4代目),link,51
笹野高史,瀧内公美,link,11
笹野高史,柄本明,link,73
佐藤寛太,紺野彩夏,link,42
佐藤寛太,葵わかな,link,312
佐藤浩市,大沢たかお,link,49
佐藤浩市,羽田美智子,link,187
佐藤浩市,中井貴一,link,297
佐藤浩市,ヒロミ,link,20
佐藤浩市,大泉洋,link,25
佐藤浩市,蒼井優,link,15
佐藤浩市,妻夫木聡,link,137
佐藤浩市,坂上忍,link,10
佐藤浩市,木梨憲武,link,16
佐藤勝利,四千頭身,link,113
佐藤勝利,岸優太,link,216
佐藤勝利,中島健人,link,13
佐藤勝利,菊池風磨,link,100
佐藤二朗,ムロツヨシ,link,95
佐藤二朗,大泉洋,link,325
佐藤二朗,吉田鋼太郎,link,45
佐藤二朗,本木雅弘,link,53
佐藤大樹_(ダンサー),見上愛,link,73
佐藤健_(俳優),江口洋介,link,201
佐藤健_(俳優),神木隆之介,link,531
佐藤健_(俳優),千鳥_(お笑いコンビ),link,18
佐藤健_(俳優),深津絵里,link,298
佐藤健_(俳優),城田優,link,103
佐藤健_(俳優),桜田通,link,188
佐藤健_(俳優),菅田将暉,link,13
佐藤健_(俳優),満島ひかり,link,13
佐藤健_(俳優),三浦翔平,link,154
佐藤隆太,塚本高史,link,178
佐野史郎,錦織圭,link,12
佐野勇斗,山田杏奈,link,11
佐野勇斗,秋田汐梨,link,14
佐野勇斗,眞栄田郷敦,link,31
澤部佑,吉村崇,link,10
澤部佑,土田晃之,link,12
澤部佑,百田夏菜子,link,26
澤部佑,岡田将生,link,63
澤部佑,チョコレートプラネット,link,60
澤部佑,サンシャイン池崎,link,43
澤部佑,渡辺直美,link,10
沢村一樹,内村光良,link,250
サンシャイン池崎,武井壮,link,17
サンシャイン池崎,澤部佑,link,28
サンシャイン池崎,松岡修造,link,17
サンシャイン池崎,斎藤工,link,64
椎名桔平,豊川悦司,link,11
椎名桔平,佐藤浩市,link,59
重岡大毅,岸優太,link,13
重岡大毅,中島健人,link,84
重岡大毅,北山宏光,link,18
重岡大毅,仲野太賀,link,87
設楽統,日村勇紀,link,2121
設楽統,有吉弘行,link,198
設楽統,松本人志,link,14
設楽統,春日俊彰,link,10
設楽統,劇団ひとり,link,113
設楽統,羽鳥慎一,link,12
設楽統,小籔千豊,link,169
春風亭昇太,笑福亭鶴瓶,link,184
春風亭昇太,百田夏菜子,link,51
城島茂,松岡昌宏,link,78
城島茂,国分太一,link,140
城島茂,伊野尾慧,link,25
笑福亭鶴瓶,駿河太郎,link,2741
笑福亭鶴瓶,ビートたけし,link,10
笑福亭鶴瓶,木村文乃,link,47
笑福亭鶴瓶,北村一輝,link,205
笑福亭鶴瓶,大竹しのぶ,link,10
笑福亭鶴瓶,タモリ,link,16
笑福亭鶴瓶,明石家さんま,link,67
白濱亜嵐,平祐奈,link,15
城田優,蒼井優,link,35
城田優,尾上松也_(2代目),link,69
城田優,山下智久,link,34
城田優,山崎育三郎,link,51
城田優,佐藤健_(俳優),link,55
城田優,上戸彩,link,34
城田優,三浦翔平,link,54
城田優,眞鍋かをり,link,16
神宮寺勇太,平野紫耀,link,76
神宮寺勇太,岸優太,link,436
神宮寺勇太,永瀬廉,link,91
神宮寺勇太,髙橋海人,link,218
神宮寺勇太,木村拓哉,link,14
陣内孝則,中村俊介,link,10
陣内孝則,柳葉敏郎,link,133
陣内孝則,陣内智則,link,183
陣内孝則,池松壮亮,link,140
陣内智則,児嶋一哉,link,115
陣内智則,ブラックマヨネーズ,link,25
陣内智則,有吉弘行,link,10
陣内智則,陣内孝則,link,131
陣内智則,ケンドーコバヤシ,link,206
陣内智則,藤原紀香,link,947
陣内智則,東野幸治,link,14
須賀健太,生瀬勝久,link,13
須賀健太,濱田岳,link,21
杉野遥亮,松坂桃李,link,194
杉野遥亮,萩原利久,link,37
鈴鹿央士,夏帆,link,15
鈴鹿央士,久保田紗友,link,389
鈴鹿央士,南沙良,link,785
鈴鹿央士,蒔田彩珠,link,33
鈴鹿央士,板垣李光人,link,26
鈴鹿央士,飯豊まりえ,link,72
鈴鹿央士,広瀬すず,link,4864
鈴木浩介_(俳優),西田敏行,link,62
鈴木仁_(俳優),川津明日香,link,21
鈴木伸之,町田啓太,link,907
鈴木伸之,青柳翔,link,149
鈴木伸之,佐野勇斗,link,11
鈴木伸之,佐藤寛太,link,13
鈴木福,亀梨和也,link,21
鈴木福,つるの剛士,link,91
鈴木福,阿部サダヲ,link,14
鈴木福,芦田愛菜,link,599
鈴木福,上川隆也,link,35
鈴木福,杏_(女優),link,16
鈴木亮平_(俳優),吉高由里子,link,47
鈴木亮平_(俳優),友近,link,51
鈴木亮平_(俳優),長澤まさみ,link,14
鈴木亮平_(俳優),賀来賢人,link,109
菅田将暉,松坂桃李,link,21
菅田将暉,山田孝之,link,10
菅田将暉,中村倫也,link,18
菅田将暉,成田凌,link,51
菅田将暉,桐谷健太,link,14
菅田将暉,横浜流星,link,27
菅田将暉,桐山漣,link,557
菅田将暉,山﨑賢人,link,296
菅田将暉,竹内涼真,link,12
菅田将暉,光石研,link,30
菅田将暉,小松菜奈,link,8909
菅田将暉,遠藤憲一,link,10
菅田将暉,杉野遥亮,link,14
菅田将暉,板尾創路,link,55
菅田将暉,原田美枝子,link,27
菅田将暉,佐藤健_(俳優),link,29
菅田将暉,小栗旬,link,17
菅田将暉,仲野太賀,link,147
菅田将暉,有村架純,link,32
菅田将暉,池松壮亮,link,34
菅田将暉,吉沢亮,link,264
駿河太郎,松村北斗,link,12
駿河太郎,笑福亭鶴瓶,link,1599
駿河太郎,尾野真千子,link,32
関口メンディー,町田啓太,link,1914
関口メンディー,白濱亜嵐,link,133
関根勤,優香,link,14
関根勤,YOU_(タレント),link,12
関根勤,高田純次,link,71
関根勤,タモリ,link,10
関根勤,清水ミチコ,link,21
関根勤,明石家さんま,link,188
関根勤,飯尾和樹,link,20
瀬戸康史,高橋一生,link,149
瀬戸康史,山本美月,link,10476
瀬戸康史,桐山漣,link,42
瀬戸康史,城田優,link,31
瀬戸康史,三浦翔平,link,65
瀬戸康史,山里亮太,link,23
染谷将太,二階堂ふみ,link,56
染谷将太,足立梨花,link,166
反町隆史,沢村一樹,link,123
反町隆史,竹野内豊,link,357
反町隆史,唐沢寿明,link,209
反町隆史,寺脇康文,link,94
反町隆史,織田裕二,link,163
反町隆史,水谷豊,link,143
反町隆史,松嶋菜々子,link,3783
DAIGO,北川景子,link,2819
DAIGO,小倉優子,link,16
DAIGO,千葉雄大,link,31
DAIGO,黒木瞳,link,30
DAIGO,小澤征悦,link,36
醍醐虎汰朗,伊藤英明,link,31
醍醐虎汰朗,小栗旬,link,15
髙嶋政宏,八嶋智人,link,11
髙嶋政宏,SHELLY,link,15
髙嶋政宏,高嶋ちさ子,link,1204
高杉真宙,横浜流星,link,15
高杉真宙,吉沢亮,link,10
高田純次,ビートたけし,link,82
高田純次,高橋英樹_(俳優),link,72
高田純次,関根勤,link,125
高田純次,長嶋一茂,link,51
高田純次,柳沢慎吾,link,171
高田純次,明石家さんま,link,34
高田純次,高嶋ちさ子,link,654
高田純次,柄本明,link,371
高田純次,松嶋菜々子,link,29
高橋一生,岸井ゆきの,link,151
高橋一生,岡田准一,link,219
髙橋海人,平野紫耀,link,435
髙橋海人,岸優太,link,28
髙橋海人,永瀬廉,link,494
髙橋海人,神宮寺勇太,link,114
高橋克典,染谷将太,link,70
高橋克典,福原遥,link,15
高橋克実,高橋克典,link,172
高橋克実,松田翔太,link,19
高橋克実,八嶋智人,link,401
高橋茂雄,ビビる大木,link,31
高橋茂雄,有吉弘行,link,103
高橋茂雄,劇団ひとり,link,53
高橋英樹_(俳優),吉永小百合,link,25
高橋英樹_(俳優),高橋真麻,link,819
高橋文哉,宮世琉弥,link,43
高橋文哉,窪田正孝,link,1131
高橋光臣,小栗旬,link,18
滝藤賢一,真木よう子,link,111
滝藤賢一,筧美和子,link,10
滝藤賢一,遠藤憲一,link,54
滝藤賢一,横澤夏子,link,19
武井壮,坂上忍,link,50
竹内涼真,松坂桃李,link,20
竹内涼真,浜辺美波,link,15
竹内涼真,稲葉友,link,18
竹内涼真,横浜流星,link,37
武田鉄矢,西田敏行,link,79
武田鉄矢,笑福亭鶴瓶,link,29
武田鉄矢,桃井かおり,link,11
武田鉄矢,和田アキ子,link,23
武田鉄矢,木村拓哉,link,24
竹中直人,小芝風花,link,26
竹中直人,明石家さんま,link,19
竹野内豊,大沢たかお,link,131
竹野内豊,長谷川博己,link,82
竹野内豊,桑田佳祐,link,12
竹野内豊,反町隆史,link,154
竹野内豊,織田裕二,link,52
竹野内豊,山口智子,link,34
竹野内豊,仲野太賀,link,82
竹野内豊,トータス松本,link,14
舘ひろし,矢沢永吉,link,139
田中圭,山田孝之,link,44
田中圭,千葉雄大,link,41
田中圭,中田圭祐,link,10
田中卓志,小嶋陽菜,link,17
田中卓志,高橋真麻,link,44
田中卓志,ケンドーコバヤシ,link,105
田中卓志,井上咲楽,link,23
田中卓志,ナイツ_(お笑いコンビ),link,34
田中直樹_(お笑い芸人),遠藤章造,link,443
田中直樹_(お笑い芸人),藤井隆,link,82
田中直樹_(お笑い芸人),岡田圭右,link,21
田中直樹_(お笑い芸人),加藤浩次,link,51
田中直樹_(お笑い芸人),堂本剛,link,49
田中将大,大谷翔平,link,25
田中要次,濱田岳,link,12
田中要次,百田夏菜子,link,13
田中要次,竹中直人,link,13
田辺誠一,安達祐実,link,17
田辺誠一,大塚寧々,link,967
谷原章介,寺脇康文,link,89
谷原章介,反町隆史,link,168
谷原章介,常盤貴子,link,84
玉木宏,木南晴夏,link,5104
玉木宏,遠藤憲一,link,26
玉木宏,田中圭,link,29
玉木宏,二宮和也,link,51
玉森裕太,藤ヶ谷太輔,link,17
玉森裕太,有岡大貴,link,13
玉森裕太,永瀬廉,link,354
玉森裕太,山下智久,link,58
玉森裕太,北山宏光,link,31
玉山鉄二,窪田正孝,link,21
田村淳,設楽統,link,49
田村淳,有吉弘行,link,21
タモリ,天海祐希,link,11
タモリ,ビートたけし,link,1100
タモリ,笑福亭鶴瓶,link,44
タモリ,中居正広,link,30
タモリ,桑田佳祐,link,20
タモリ,石橋貴明,link,19
タモリ,関根勤,link,99
タモリ,草彅剛,link,68
タモリ,所ジョージ,link,234
タモリ,和田アキ子,link,130
タモリ,明石家さんま,link,966
タモリ,柄本明,link,28
タモリ,勝俣州和,link,24
知念侑李,山田涼介,link,296
知念侑李,中島裕翔,link,90
知念侑李,有岡大貴,link,98
千葉雄大,北川景子,link,34
千葉雄大,黒木瞳,link,38
千葉雄大,DAIGO,link,35
千葉雄大,田中圭,link,33
千葉雄大,小澤征悦,link,41
千原ジュニア,加藤浩次,link,109
塚地武雅,北川景子,link,79
塚本高史,佐藤隆太,link,273
塚本高史,玉木宏,link,22
津田寛治,ビートたけし,link,13
津田寛治,薬師丸ひろ子,link,74
土田晃之,藤井隆,link,66
土田晃之,有吉弘行,link,19
土田晃之,加藤浩次,link,11
土田晃之,山口智充,link,24
堤真一,高橋一生,link,39
堤真一,吉岡秀隆,link,44
堤真一,中村倫也,link,160
堤真一,中井貴一,link,28
堤真一,豊川悦司,link,49
堤真一,佐藤浩市,link,209
堤真一,三浦友和,link,11
堤真一,杉野遥亮,link,60
堤真一,石田ゆり子,link,21
堤真一,阿部寛,link,25
堤真一,古田新太,link,18
堤真一,堺雅人,link,88
堤真一,椎名桔平,link,132
堤真一,柄本明,link,12
堤真一,岡田准一,link,10
堤真一,松嶋菜々子,link,29
妻夫木聡,池脇千鶴,link,31
妻夫木聡,佐藤浩市,link,102
妻夫木聡,藤原竜也,link,20
妻夫木聡,綾野剛,link,16
つるの剛士,杉浦太陽,link,15
つるの剛士,上地雄輔,link,102
ディーン・フジオカ,井浦新,link,10
ディーン・フジオカ,松下奈緒,link,59
出川哲朗,堀内健,link,22
出川哲朗,朝比奈彩,link,150
出川哲朗,有吉弘行,link,30
出川哲朗,今田耕司,link,257
出川哲朗,岡村隆史,link,30
出川哲朗,内村光良,link,151
出川哲朗,バカリズム,link,41
出川哲朗,南原清隆,link,58
出川哲朗,明石家さんま,link,28
出川哲朗,矢沢永吉,link,17
出川哲朗,東野幸治,link,18
寺島進,ビートたけし,link,11
寺島進,矢沢永吉,link,11
寺田心,松本穂香,link,15
寺脇康文,三宅裕司,link,251
寺脇康文,谷原章介,link,220
寺脇康文,桑田佳祐,link,63
寺脇康文,岸谷五朗,link,1640
寺脇康文,水谷豊,link,2320
でんでん,豊川悦司,link,23
でんでん,佐藤浩市,link,27
でんでん,妻夫木聡,link,13
堂本光一,井ノ原快彦,link,55
堂本光一,今井翼,link,18
堂本光一,及川光博,link,10
堂本光一,堂本剛,link,1834
堂本剛,亀梨和也,link,10
堂本剛,堂本光一,link,2133
堂本剛,今井翼,link,31
堂本剛,水川あさみ,link,74
堂本剛,岡田准一,link,147
所ジョージ,ビートたけし,link,154
所ジョージ,松田翔太,link,25
所ジョージ,タモリ,link,139
所ジョージ,清水ミチコ,link,13
所ジョージ,木梨憲武,link,20
所ジョージ,明石家さんま,link,250
所ジョージ,さまぁ〜ず,link,12
トータス松本,香川照之,link,31
戸次重幸,大泉洋,link,328
戸次重幸,安田顕,link,339
戸次重幸,音尾琢真,link,372
豊川悦司,中山美穂,link,12
豊川悦司,笑福亭鶴瓶,link,13
豊川悦司,寺島しのぶ,link,219
豊川悦司,佐藤浩市,link,142
豊川悦司,妻夫木聡,link,95
豊川悦司,広末涼子,link,17
豊川悦司,渡辺えり,link,212
内藤剛志,船越英一郎,link,143
内藤剛志,浜田雅功,link,32
内藤剛志,沢口靖子,link,110
内藤剛志,佐野史郎,link,152
中井貴一,笑福亭鶴瓶,link,29
中井貴一,柳葉敏郎,link,181
中井貴一,佐藤浩市,link,639
中井貴一,松本潤,link,13
中井貴一,岡田将生,link,100
中井貴一,松平健,link,52
中井貴一,阿部寛,link,41
中井貴一,柳沢慎吾,link,96
中井貴一,木梨憲武,link,51
中井貴一,木村拓哉,link,13
中居正広,稲垣吾郎,link,249
中居正広,笑福亭鶴瓶,link,14
中居正広,出川哲朗,link,25
中居正広,香取慎吾,link,210
中居正広,松本人志,link,29
中居正広,岡村隆史,link,25
中居正広,草彅剛,link,240
中居正広,佐藤健_(俳優),link,14
中居正広,明石家さんま,link,13
中居正広,木村拓哉,link,451
中尾明慶,山下智久,link,112
中尾明慶,木村拓哉,link,29
中尾明慶,仲里依紗,link,7007
中川大志_(俳優),沢村一樹,link,57
中川大志_(俳優),新木優子,link,84
中川大志_(俳優),森川葵,link,12
中川大志_(俳優),北村匠海,link,12
中川大志_(俳優),平祐奈,link,214
中川大志_(俳優),清原果耶,link,29
中川大志_(俳優),さまぁ〜ず,link,46
長嶋一茂,磯野貴理子,link,14
長嶋一茂,明石家さんま,link,11
長嶋一茂,石原良純,link,22
中島健人,山田涼介,link,518
中島健人,平野紫耀,link,64
中島健人,岸優太,link,36
中島健人,中条あやみ,link,17
中島健人,小芝風花,link,67
中島健人,知念侑李,link,31
中島健人,佐藤勝利,link,134
中島健人,菊池風磨,link,246
中島裕翔,山田涼介,link,157
中島裕翔,有岡大貴,link,99
中島裕翔,知念侑李,link,94
永瀬正敏,加瀬亮,link,11
永瀬正敏,妻夫木聡,link,17
永瀬正敏,浅野忠信,link,74
永瀬正敏,斎藤工,link,34
永瀬正敏,岡田准一,link,11
永瀬廉,道枝駿佑,link,300
永瀬廉,玉森裕太,link,232
永瀬廉,山田涼介,link,103
永瀬廉,平野紫耀,link,1006
永瀬廉,岸優太,link,11
永瀬廉,中島健人,link,743
永瀬廉,目黒蓮,link,17
永瀬廉,髙橋海人,link,24
永瀬廉,西畑大吾,link,290
永瀬廉,神宮寺勇太,link,13
永瀬廉,二宮和也,link,26
仲野太賀,山田孝之,link,294
仲野太賀,ディーン・フジオカ,link,18
仲野太賀,林遣都,link,238
仲野太賀,勝地涼,link,15
仲野太賀,菅田将暉,link,123
仲野太賀,佐藤二朗,link,22
仲野太賀,市川実日子,link,346
中丸雄一,亀梨和也,link,299
中丸雄一,藤ヶ谷太輔,link,221
中丸雄一,中山秀征,link,27
中丸雄一,二宮和也,link,81
中村勘九郎_(6代目),寺島しのぶ,link,12
中村勘九郎_(6代目),尾上松也_(2代目),link,30
中村獅童_(2代目),市川團十郎_(13代目),link,25
中村俊介,陣内孝則,link,11
中村倫也,松坂桃李,link,123
中村倫也,ムロツヨシ,link,50
中村倫也,吉田鋼太郎,link,53
中村倫也,小池栄子,link,92
中村倫也,生田斗真,link,294
中村倫也,堤真一,link,58
中村倫也,八嶋智人,link,108
中村倫也,西島秀俊,link,189
中村倫也,菅田将暉,link,106
中村倫也,星野源,link,20
中村倫也,古田新太,link,78
中村倫也,永山絢斗,link,76
中村倫也,上野樹里,link,12
中村倫也,有村架純,link,41
中村倫也,石原さとみ,link,233
永山瑛太,永山絢斗,link,2041
永山瑛太,広瀬すず,link,31
永山瑛太,木村カエラ,link,858
永山絢斗,永山瑛太,link,2035
永山絢斗,木村カエラ,link,78
中山秀征,ビビる大木,link,27
中山秀征,出川哲朗,link,72
中山秀征,太田光,link,13
中山秀征,今田耕司,link,99
中山秀征,井森美幸,link,65
中山秀征,石塚英彦,link,123
名倉潤,上田晋也,link,24
名倉潤,イモトアヤコ,link,14
名倉潤,堀内健,link,626
名倉潤,渡辺満里奈,link,1167
名倉潤,太田光,link,92
名倉潤,浜田雅功,link,10
名倉潤,原田泰造,link,540
生瀬勝久,古田新太,link,104
生瀬勝久,仲間由紀恵,link,119
成田凌,横浜流星,link,14
成田凌,長谷川京子,link,10
成田凌,高梨臨,link,29
成田凌,杉野遥亮,link,13
成田凌,清原果耶,link,50
南原清隆,片桐はいり,link,19
南原清隆,出川哲朗,link,219
南原清隆,桑田佳祐,link,48
南原清隆,ヒロミ,link,102
南原清隆,中山秀征,link,105
南原清隆,タモリ,link,10
南原清隆,内村光良,link,1036
錦織圭,大坂なおみ,link,10
錦織圭,松岡修造,link,264
西島秀俊,ビートたけし,link,20
西島秀俊,中村倫也,link,533
西島秀俊,松田聖子,link,10
西島秀俊,小林薫,link,18
西島秀俊,宮﨑あおい,link,10
西島秀俊,内野聖陽,link,182
西島秀俊,仲野太賀,link,16
西島秀俊,役所広司,link,35
西田敏行,吉永小百合,link,39
西田敏行,勝村政信,link,21
西田敏行,竹下景子,link,11
西田敏行,松本人志,link,13
西田敏行,武田鉄矢,link,37
西畑大吾,宮﨑あおい,link,12
西畑大吾,目黒蓮,link,10
西畑大吾,永瀬廉,link,230
西畑大吾,二宮和也,link,31
二宮和也,櫻井翔,link,15
二宮和也,山田涼介,link,180
二宮和也,佐藤浩市,link,15
二宮和也,竹内涼真,link,52
二宮和也,松本潤,link,39
二宮和也,相葉雅紀,link,23
二宮和也,玉木宏,link,59
二宮和也,西島秀俊,link,99
二宮和也,風間俊介,link,168
二宮和也,本木雅弘,link,31
二宮和也,木村拓哉,link,13
温水洋一,舘ひろし,link,21
温水洋一,明石家さんま,link,13
温水洋一,竹中直人,link,21
温水洋一,仲間由紀恵,link,31
野間口徹,岡田准一,link,14
野村周平,神木隆之介,link,949
野村周平,白濱亜嵐,link,1399
野村周平,恒松祐里,link,152
バカリズム,ビビる大木,link,27
バカリズム,おぎやはぎ,link,82
バカリズム,生瀬勝久,link,29
バカリズム,日村勇紀,link,29
バカリズム,土田晃之,link,33
バカリズム,若林正恭,link,22
バカリズム,劇団ひとり,link,13
バカリズム,朝日奈央,link,26
バカリズム,小峠英二,link,130
萩原利久,上白石萌歌,link,155
萩原利久,神尾楓珠,link,247
萩原利久,山下美月,link,27
萩原利久,杉野遥亮,link,31
萩原利久,橋本環奈,link,85
はじめしゃちょー,マツコ・デラックス,link,17
はじめしゃちょー,HIKAKIN,link,348
羽鳥慎一,吉川晃司,link,56
羽鳥慎一,福澤朗,link,519
濱田岳,浜田雅功,link,10
濱田岳,岡田将生,link,47
濱田岳,武田鉄矢,link,21
濱田龍臣,鈴木仁_(俳優),link,13
浜田雅功,後藤輝基,link,84
浜田雅功,きゃりーぱみゅぱみゅ,link,12
浜田雅功,千秋_(タレント),link,71
浜田雅功,ヒロミ,link,401
浜田雅功,矢部浩之,link,72
浜田雅功,松本人志,link,6109
浜田雅功,天野ひろゆき,link,52
浜田雅功,土屋太鳳,link,314
浜田雅功,名倉潤,link,71
浜田雅功,堂本剛,link,129
浜野謙太,吉高由里子,link,12
浜野謙太,星野源,link,167
浜野謙太,ユースケ・サンタマリア,link,18
林修,三吉彩花,link,69
林修,柳原可奈子,link,83
林修,香川照之,link,284
林遣都,玉木宏,link,73
林遣都,仲野太賀,link,346
林遣都,池松壮亮,link,1184
林遣都,大島優子,link,4873
速水もこみち,沢村一樹,link,13
原田泰造,檀れい,link,13
原田泰造,堀内健,link,536
原田泰造,有吉弘行,link,29
原田泰造,ヒロミ,link,29
原田泰造,名倉潤,link,519
原田龍二,陣内孝則,link,42
はるな愛,陣内智則,link,15
はるな愛,藤原紀香,link,66
はるな愛,MEGUMI,link,38
坂東龍汰,村上虹郎,link,444
坂東龍汰,河合優実,link,20
HIKAKIN,フワちゃん,link,14
HIKAKIN,はじめしゃちょー,link,99
東野幸治,天海祐希,link,107
東野幸治,松本人志,link,35
東野幸治,今田耕司,link,1147
東山紀之,松岡昌宏,link,51
東山紀之,堂本光一,link,21
東山紀之,国分太一,link,10
東山紀之,薬丸裕英,link,168
東山紀之,木村佳乃,link,2299
東山紀之,遠藤憲一,link,128
東山紀之,哀川翔,link,15
東山紀之,知念侑李,link,15
東山紀之,大倉忠義,link,12
ビートたけし,笑福亭鶴瓶,link,529
ビートたけし,大森南朋,link,62
ビートたけし,寺島進,link,29
ビートたけし,桑田佳祐,link,20
ビートたけし,松本人志,link,37
ビートたけし,タモリ,link,334
ビートたけし,所ジョージ,link,66
ビートたけし,和田アキ子,link,57
ビートたけし,柳楽優弥,link,27
ビートたけし,渡辺えり,link,75
ビートたけし,明石家さんま,link,285
ビビる大木,設楽統,link,41
ビビる大木,土田晃之,link,33
ビビる大木,有吉弘行,link,80
ビビる大木,中山秀征,link,16
ビビる大木,劇団ひとり,link,81
ビビる大木,草彅剛,link,42
日村勇紀,設楽統,link,3159
日村勇紀,土田晃之,link,32
日村勇紀,加藤浩次,link,10
日村勇紀,天野ひろゆき,link,95
日村勇紀,ケンドーコバヤシ,link,98
日村勇紀,岡村隆史,link,18
日村勇紀,いとうあさこ,link,16
日村勇紀,宮川大輔_(タレント),link,123
日村勇紀,バカリズム,link,174
日村勇紀,星野源,link,15
日村勇紀,はるな愛,link,19
日村勇紀,飯尾和樹,link,149
平泉成,木村拓哉,link,10
平岡祐太,柴咲コウ,link,27
平岡祐太,城田優,link,11
平岡祐太,寺脇康文,link,41
平野紫耀,松村北斗,link,20
平野紫耀,山田涼介,link,10
平野紫耀,向井康二,link,490
平野紫耀,岸優太,link,19
平野紫耀,中島健人,link,98
平野紫耀,目黒蓮,link,18
平野紫耀,永瀬廉,link,1181
平野紫耀,髙橋海人,link,612
平野紫耀,山下智久,link,565
平野紫耀,指原莉乃,link,48
平野紫耀,明石家さんま,link,39
平野紫耀,神宮寺勇太,link,22
平山浩行,赤楚衛二,link,10
ヒロミ,松岡昌宏,link,16
ヒロミ,ビートたけし,link,26
ヒロミ,児嶋一哉,link,30
ヒロミ,松本伊代,link,1465
ヒロミ,中居正広,link,32
ヒロミ,出川哲朗,link,30
ヒロミ,フワちゃん,link,12
ヒロミ,浜田雅功,link,103
ヒロミ,哀川翔,link,10
ヒロミ,内村光良,link,18
ヒロミ,宇梶剛士,link,929
ヒロミ,南原清隆,link,35
ヒロミ,木梨憲武,link,173
ヒロミ,高橋みなみ,link,16
福澤朗,古舘伊知郎,link,43
福澤朗,羽鳥慎一,link,26
福士蒼汰,岡田准一,link,45
福士蒼汰,有村架純,link,10
福士蒼汰,吉沢亮,link,250
福士蒼汰,香川照之,link,76
福山雅治,奥貫薫,link,155
福山雅治,柴咲コウ,link,15
福山雅治,桑田佳祐,link,24
福山雅治,大泉洋,link,68
福山雅治,吹石一恵,link,4681
福山雅治,藤原さくら,link,12
福山雅治,香川照之,link,25
福山雅治,富田靖子,link,12
藤井隆,土田晃之,link,89
藤井隆,YOU_(タレント),link,12
藤井隆,陣内智則,link,20
藤井隆,松本人志,link,10
藤井隆,鈴木京香,link,15
藤井隆,今田耕司,link,19
藤井隆,ケンドーコバヤシ,link,23
藤井隆,乙葉,link,2707
藤井流星,向井康二,link,154
藤井流星,松本潤,link,18
藤井流星,小瀧望,link,246
藤井流星,重岡大毅,link,112
藤ヶ谷太輔,玉森裕太,link,101
藤ヶ谷太輔,亀梨和也,link,94
藤ヶ谷太輔,中丸雄一,link,116
藤ヶ谷太輔,松本潤,link,15
藤ヶ谷太輔,北山宏光,link,46
藤ヶ谷太輔,小栗旬,link,12
藤木直人,板谷由夏,link,554
藤森慎吾,生駒里奈,link,11
藤森慎吾,有吉弘行,link,11
藤森慎吾,生田絵梨花,link,56
藤森慎吾,木村拓哉,link,13
藤原大祐,宮世琉弥,link,14
藤原大祐,鈴木仁_(俳優),link,26
藤原竜也,優香,link,60
藤原竜也,船越英一郎,link,27
藤原竜也,吉田鋼太郎,link,14
藤原竜也,宇梶剛士,link,66
船越英一郎,片平なぎさ,link,19
船越英一郎,水谷豊,link,10
古川雄輝,渡辺謙,link,14
古川雄輝,岩田剛典,link,87
古川雄輝,笠松将,link,47
古川雄輝,矢作穂香,link,162
古川雄輝,佐々木蔵之介,link,45
古川雄輝,古川雄大,link,128
古川雄輝,竜星涼,link,34
古川雄大,古川雄輝,link,516
古川雄大,馬場ふみか,link,436
古川雄大,山崎育三郎,link,27
古田新太,生瀬勝久,link,138
古田新太,勝村政信,link,576
古田新太,筧利夫,link,328
古田新太,渡辺いっけい,link,602
古舘伊知郎,郷ひろみ,link,27
星野源,高橋一生,link,54
星野源,新垣結衣,link,2911
星野源,佐藤健_(俳優),link,43
星野源,綾野剛,link,31
細田佳央太,関水渚,link,74
堀内健,ビビる大木,link,20
堀内健,有吉弘行,link,12
堀内健,有田哲平,link,21
堀内健,名倉潤,link,377
堀内健,原田泰造,link,444
堀内健,東野幸治,link,10
本郷奏多,佐野勇斗,link,60
毎熊克哉,光石研,link,27
眞栄田郷敦,新田真剣佑,link,21637
前野朋哉,池松壮亮,link,30
マキタスポーツ,サンドウィッチマン_(お笑いコンビ),link,46
マキタスポーツ,矢沢永吉,link,16
眞島秀和,仲村トオル,link,84
又吉直樹,千鳥_(お笑いコンビ),link,11
又吉直樹,春日俊彰,link,257
町田啓太,関口メンディー,link,2311
町田啓太,白濱亜嵐,link,92
町田啓太,鈴木伸之,link,2232
町田啓太,佐藤寛太,link,307
松岡修造,古舘伊知郎,link,17
松岡修造,錦織圭,link,166
松岡昌宏,吉川晃司,link,131
松岡昌宏,東山紀之,link,23
松岡昌宏,国分太一,link,117
松岡昌宏,山本舞香,link,271
松岡昌宏,城島茂,link,68
松岡昌宏,矢沢永吉,link,25
松岡昌宏,大倉忠義,link,25
マツコ・デラックス,YOU_(タレント),link,53
マツコ・デラックス,有吉弘行,link,29
マツコ・デラックス,米倉涼子,link,18
マツコ・デラックス,田中卓志,link,25
マツコ・デラックス,満島ひかり,link,85
マツコ・デラックス,明石家さんま,link,19
マツコ・デラックス,木村拓哉,link,248
松坂桃李,西田敏行,link,33
松坂桃李,横浜流星,link,11
松坂桃李,竹内涼真,link,48
松坂桃李,堤真一,link,80
松坂桃李,菅田将暉,link,15
松坂桃李,戸田恵梨香,link,15365
松坂桃李,阿部寛,link,50
松坂桃李,清野菜名,link,116
松坂桃李,岡田准一,link,44
松坂桃李,綾野剛,link,34
松坂桃李,役所広司,link,31
松重豊,北川景子,link,52
松重豊,勝村政信,link,481
松重豊,陣内孝則,link,895
松重豊,光石研,link,488
松重豊,星野源,link,58
松重豊,鈴木浩介_(俳優),link,462
松下洸平,黒木華,link,1092
松下洸平,藤木直人,link,33
松下洸平,戸田恵梨香,link,71
松下洸平,桜庭ななみ,link,11
松田翔太,井上真央,link,73
松田翔太,松田龍平,link,1415
松田翔太,秋元梢,link,1800
松田龍平,永山瑛太,link,35
松田龍平,松田翔太,link,2210
松田龍平,大泉洋,link,13
松田龍平,松岡茉優,link,12
松田龍平,浅野忠信,link,72
松田龍平,水川あさみ,link,19
松田龍平,秋元梢,link,373
松平健,高島礼子,link,25
松平健,香取慎吾,link,23
松平健,大地真央,link,3612
松平健,南原清隆,link,12
松村北斗,道枝駿佑,link,21
松村北斗,駿河太郎,link,24
松村北斗,山田涼介,link,26
松村北斗,大泉洋,link,13
松村北斗,中丸雄一,link,20
松村北斗,中島健人,link,80
松村北斗,安田顕,link,28
松村北斗,山下智久,link,69
松村北斗,菊池風磨,link,82
松本潤,櫻井翔,link,12
松本潤,笑福亭鶴瓶,link,20
松本潤,松たか子,link,20
松本潤,水川あさみ,link,68
松本潤,松田龍平,link,70
松本潤,二宮和也,link,14
松本潤,香川照之,link,52
松本人志,西田敏行,link,42
松本人志,浜田雅功,link,3100
松本人志,今田耕司,link,109
松本人志,板尾創路,link,80
松本人志,東野幸治,link,48
松山ケンイチ,染谷将太,link,10
松山ケンイチ,深田恭子,link,16
松山ケンイチ,小雪_(女優),link,4726
松山ケンイチ,妻夫木聡,link,21
松山ケンイチ,松平健,link,20
松山ケンイチ,反町隆史,link,13
松山ケンイチ,浅野忠信,link,18
松山ケンイチ,リリー・フランキー,link,16
松山ケンイチ,中村獅童_(2代目),link,18
松山ケンイチ,木村拓哉,link,10
松山ケンイチ,原田知世,link,18
間宮祥太朗,永野芽郁,link,15
間宮祥太朗,桜井日奈子,link,33
丸山隆平,安田章大,link,106
丸山隆平,村上信五,link,20
丸山隆平,横山裕,link,45
丸山隆平,大倉忠義,link,83
三浦知良,北村匠海,link,249
三浦翔平,桐谷美玲,link,2377
三浦貴大,渡辺謙,link,35
三浦貴大,三浦友和,link,1232
三浦貴大,成海璃子,link,47
三浦貴大,土村芳,link,46
三浦貴大,杏_(女優),link,118
三浦友和,佐藤浩市,link,25
三浦友和,三浦貴大,link,1863
水谷豊,石橋貴明,link,75
水谷豊,及川光博,link,288
水谷豊,大竹しのぶ,link,11
水谷豊,中村雅俊,link,211
水谷豊,寺脇康文,link,137
水谷豊,桃井かおり,link,286
水谷豊,趣里,link,9369
水谷豊,木梨憲武,link,99
水谷豊,武田鉄矢,link,80
溝端淳平,林遣都,link,20
溝端淳平,生田斗真,link,24
溝端淳平,岡田将生,link,64
溝端淳平,戸田恵梨香,link,12
溝端淳平,小栗旬,link,18
溝端淳平,池松壮亮,link,19
道枝駿佑,山田涼介,link,82
道枝駿佑,福本莉子,link,28
道枝駿佑,目黒蓮,link,36
道枝駿佑,西畑大吾,link,389
満島真之介,満島ひかり,link,2465
峰竜太,神田正輝,link,15
峰竜太,舘ひろし,link,13
宮川大輔_(タレント),日村勇紀,link,121
宮川大輔_(タレント),天野ひろゆき,link,70
宮川大輔_(タレント),飯尾和樹,link,120
三宅裕司,石橋貴明,link,13
三宅裕司,タモリ,link,15
三宅裕司,寺脇康文,link,194
三宅裕司,戸田恵子,link,15
三宅裕司,岸谷五朗,link,272
宮世琉弥,百田夏菜子,link,162
宮世琉弥,北村匠海,link,132
宮世琉弥,菅田将暉,link,57
宮世琉弥,高橋文哉,link,408
宮根誠司,古舘伊知郎,link,94
宮根誠司,笑福亭鶴瓶,link,26
宮根誠司,タモリ,link,11
向井理,北川景子,link,20
向井理,鈴木亮平_(俳優),link,10
向井理,黒木瞳,link,18
向井理,速水もこみち,link,12
向井理,国仲涼子,link,2352
向井康二,目黒蓮,link,21
向井康二,西畑大吾,link,154
六平直政,佐野史郎,link,103
村上信五,国分太一,link,36
村上信五,中居正広,link,28
村上信五,安田章大,link,15
村上信五,横山裕,link,140
村上信五,丸山隆平,link,31
ムロツヨシ,深津絵里,link,65
ムロツヨシ,渡辺直美,link,19
ムロツヨシ,佐藤二朗,link,67
ムロツヨシ,小泉孝太郎,link,513
恵俊彰,太田光,link,86
恵俊彰,岸谷五朗,link,129
恵俊彰,勝俣州和,link,105
恵俊彰,石塚英彦,link,858
目黒蓮,道枝駿佑,link,701
目黒蓮,松村北斗,link,16
目黒蓮,山田涼介,link,10
目黒蓮,平野紫耀,link,21
目黒蓮,向井康二,link,3924
目黒蓮,二宮和也,link,48
望月歩,葵わかな,link,30
本木雅弘,薬丸裕英,link,98
本木雅弘,松本伊代,link,11
森崎ウィン,村上虹郎,link,11
森崎ウィン,土村芳,link,34
森山未來,佐藤隆太,link,10
柳楽優弥,大泉洋,link,13
薬丸裕英,東山紀之,link,38
薬丸裕英,本木雅弘,link,88
矢沢永吉,桑田佳祐,link,56
矢沢永吉,所ジョージ,link,10
八嶋智人,杉本哲太,link,16
八嶋智人,西村まさ彦,link,85
八嶋智人,本上まなみ,link,13
八嶋智人,上地雄輔,link,12
八嶋智人,高橋克実,link,128
安田顕,稲垣吾郎,link,144
安田顕,大泉洋,link,1097
安田顕,小池栄子,link,42
安田顕,斉藤由貴,link,12
安田顕,戸次重幸,link,898
安田顕,音尾琢真,link,367
安田章大,村上信五,link,35
安田章大,横山裕,link,38
安田章大,相葉雅紀,link,22
安田章大,丸山隆平,link,91
安田章大,大倉忠義,link,79
柳沢慎吾,中井貴一,link,70
柳沢慎吾,榊原郁恵,link,13
柳沢慎吾,関根勤,link,26
柳沢慎吾,高田純次,link,48
柳沢慎吾,南原清隆,link,13
柳沢慎吾,勝俣州和,link,40
柳葉敏郎,中山美穂,link,39
柳葉敏郎,陣内孝則,link,233
柳葉敏郎,和田アキ子,link,17
柳葉敏郎,明石家さんま,link,11
柳葉敏郎,浅野ゆう子,link,42
矢部浩之,後藤輝基,link,10
矢部浩之,岡村隆史,link,775
矢部浩之,宮川大輔_(タレント),link,115
山口智充,山本耕史,link,119
山口智充,桑田佳祐,link,17
山口智充,哀川翔,link,53
山口智充,山口智子,link,31
山口智充,小籔千豊,link,63
山崎育三郎,高橋一生,link,22
山崎育三郎,石丸幹二,link,70
山崎育三郎,松下洸平,link,130
山崎育三郎,山田孝之,link,44
山崎育三郎,城田優,link,24
山崎育三郎,尾上松也_(2代目),link,79
山崎育三郎,重岡大毅,link,62
山崎育三郎,古川雄大,link,43
山崎育三郎,井桁弘恵,link,29
山﨑賢人,山田孝之,link,119
山﨑賢人,広瀬アリス,link,27
山﨑賢人,神木隆之介,link,212
山﨑賢人,横浜流星,link,16
山﨑賢人,橋本愛_(1996年生),link,23
山﨑賢人,二階堂ふみ,link,11
山﨑賢人,桜田通,link,1129
山﨑賢人,土屋太鳳,link,45
山﨑賢人,川口春奈,link,42
山﨑賢人,菅田将暉,link,1367
山﨑賢人,岡山天音,link,1217
山﨑賢人,広瀬すず,link,72
山﨑賢人,吉沢亮,link,1422
山﨑賢人,高畑充希,link,37
山崎弘也,おぎやはぎ,link,10
山崎弘也,ブラックマヨネーズ,link,35
山崎弘也,松本人志,link,26
山崎弘也,有田哲平,link,129
山崎弘也,伊集院光,link,13
山崎弘也,カンニング竹山,link,149
山崎弘也,武田鉄矢,link,28
山里亮太,早見あかり,link,19
山里亮太,千鳥_(お笑いコンビ),link,32
山里亮太,蒼井優,link,1816
山里亮太,若林正恭,link,50
山里亮太,山崎静代,link,743
山里亮太,ナイツ_(お笑いコンビ),link,29
山下健二郎,岩田剛典,link,52
山下健二郎,朝比奈彩,link,2587
山下智久,亀梨和也,link,133
山下智久,山田涼介,link,114
山下智久,浅利陽介,link,131
山下智久,香取慎吾,link,16
山下智久,生田斗真,link,113
山下智久,長澤まさみ,link,20
山下智久,風間俊介,link,74
山下智久,木村拓哉,link,10
山田孝之,広瀬アリス,link,60
山田孝之,斎藤工,link,10
山田孝之,仲野太賀,link,80
山田孝之,綾野剛,link,43
山田裕貴,吉沢亮,link,13
山田涼介,中島裕翔,link,433
山田涼介,中丸雄一,link,15
山田涼介,有岡大貴,link,117
山田涼介,知念侑李,link,392
山田涼介,二宮和也,link,90
山田涼介,菊池風磨,link,11
山本耕史,香取慎吾,link,495
山本耕史,山口智充,link,467
山本耕史,堺雅人,link,11
山本耕史,小栗旬,link,16
山本耕史,市原隼人,link,116
矢本悠馬,間宮祥太朗,link,349
矢本悠馬,八嶋智人,link,11
結木滉星,伊藤あさひ,link,82
結木滉星,中井貴一,link,16
ユースケ・サンタマリア,柳葉敏郎,link,14
ユースケ・サンタマリア,桑田佳祐,link,20
ユースケ・サンタマリア,高島彩,link,14
ユースケ・サンタマリア,草彅剛,link,15
ユースケ・サンタマリア,指原莉乃,link,81
ユースケ・サンタマリア,トータス松本,link,27
横浜流星,松坂桃李,link,15
横浜流星,吉高由里子,link,74
横浜流星,竹内涼真,link,38
横浜流星,清原果耶,link,10
横浜流星,吉沢亮,link,839
横山だいすけ,いとうあさこ,link,15
横山裕,安田章大,link,67
横山裕,村上信五,link,318
横山裕,松本潤,link,33
横山裕,相葉雅紀,link,175
横山裕,丸山隆平,link,82
横山裕,福原遥,link,125
横山裕,大倉忠義,link,1547
吉岡秀隆,柴咲コウ,link,12
吉岡秀隆,内田有紀,link,8735
吉沢亮,渡邊圭祐,link,134
吉沢亮,野村周平,link,2489
吉沢亮,福士蒼汰,link,508
吉沢亮,横浜流星,link,21
吉沢亮,山﨑賢人,link,686
吉沢亮,新田真剣佑,link,10
吉沢亮,二階堂ふみ,link,250
吉沢亮,小池栄子,link,13
吉沢亮,安田顕,link,10
吉沢亮,高杉真宙,link,57
吉沢亮,菅田将暉,link,438
吉沢亮,広瀬すず,link,221
吉沢亮,磯村勇斗,link,56
吉田鋼太郎,藤原竜也,link,166
吉田鋼太郎,小栗旬,link,58
吉村崇,錦鯉_(お笑いコンビ),link,33
吉村崇,有吉弘行,link,203
吉村崇,又吉直樹,link,17
吉村崇,渡辺直美,link,35
竜星涼,古川雄輝,link,51
竜星涼,竹野内豊,link,40
竜星涼,反町隆史,link,54
竜星涼,犬飼貴丈,link,37
竜星涼,上野樹里,link,19
リリー・フランキー,安めぐみ,link,18
リリー・フランキー,福山雅治,link,44
リリー・フランキー,高橋みなみ,link,21
六角精児,坂上忍,link,60
若林正恭,上田晋也,link,23
若林正恭,澤部佑,link,58
若林正恭,春日俊彰,link,3010
若林正恭,サンドウィッチマン_(お笑いコンビ),link,14
若林正恭,南沢奈央,link,568
若林正恭,ナイツ_(お笑いコンビ),link,72
若林正恭,山里亮太,link,25
渡邊圭祐,神木隆之介,link,144
渡辺謙,南果歩,link,2372
渡辺謙,野村萬斎,link,18
渡辺謙,吉永小百合,link,13
渡辺謙,豊川悦司,link,51
渡辺謙,妻夫木聡,link,24
渡辺謙,二宮和也,link,18
渡辺謙,杏_(女優),link,2961
渡辺大知,奈緒,link,12
渡部篤郎,永山瑛太,link,10
渡部篤郎,RIKACO,link,951
渡部篤郎,高岡早紀,link,18
渡部篤郎,中谷美紀,link,51
渡部篤郎,三浦知良,link,38
渡部篤郎,木村拓哉,link,18
EXIT_(お笑いコンビ),3時のヒロイン,link,34
おぎやはぎ,小嶋陽菜,link,64
おぎやはぎ,有吉弘行,link,20
おぎやはぎ,加藤浩次,link,10
おぎやはぎ,劇団ひとり,link,12
おぎやはぎ,バカリズム,link,121
かまいたち_(お笑いコンビ),ミルクボーイ,link,46
かまいたち_(お笑いコンビ),ビートたけし,link,13
かまいたち_(お笑いコンビ),霜降り明星,link,23
かまいたち_(お笑いコンビ),千鳥_(お笑いコンビ),link,140
かまいたち_(お笑いコンビ),若林正恭,link,31
かまいたち_(お笑いコンビ),池田美優,link,38
かまいたち_(お笑いコンビ),サンドウィッチマン_(お笑いコンビ),link,14
かまいたち_(お笑いコンビ),和牛_(お笑いコンビ),link,390
さまぁ〜ず,ビートたけし,link,43
さまぁ〜ず,出川哲朗,link,12
さまぁ〜ず,桑田佳祐,link,10
さまぁ〜ず,有田哲平,link,16
さまぁ〜ず,タモリ,link,45
さまぁ〜ず,内村光良,link,229
さまぁ〜ず,伊集院光,link,16
さまぁ〜ず,坂上忍,link,83
サンドウィッチマン_(お笑いコンビ),ビートたけし,link,13
サンドウィッチマン_(お笑いコンビ),千鳥_(お笑いコンビ),link,24
サンドウィッチマン_(お笑いコンビ),さまぁ〜ず,link,155
サンドウィッチマン_(お笑いコンビ),小峠英二,link,22
シソンヌ_(お笑いコンビ),おぎやはぎ,link,127
シソンヌ_(お笑いコンビ),麻生久美子,link,10
シソンヌ_(お笑いコンビ),チョコレートプラネット,link,632
シソンヌ_(お笑いコンビ),松雪泰子,link,31
霜降り明星,千鳥_(お笑いコンビ),link,214
霜降り明星,松本人志,link,26
タカアンドトシ,博多華丸・大吉,link,13
タカアンドトシ,錦鯉_(お笑いコンビ),link,132
タカアンドトシ,ブラックマヨネーズ,link,56
タカアンドトシ,大泉洋,link,20
タカアンドトシ,サンドウィッチマン_(お笑いコンビ),link,21
千鳥_(お笑いコンビ),博多華丸・大吉,link,11
千鳥_(お笑いコンビ),かまいたち_(お笑いコンビ),link,12
チョコレートプラネット,後藤輝基,link,10
チョコレートプラネット,IKKO,link,10
チョコレートプラネット,渡辺直美,link,19
チョコレートプラネット,シソンヌ_(お笑いコンビ),link,506
ティモンディ,サンドウィッチマン_(お笑いコンビ),link,56
ナイツ_(お笑いコンビ),錦鯉_(お笑いコンビ),link,46
錦鯉_(お笑いコンビ),笑福亭鶴瓶,link,100
錦鯉_(お笑いコンビ),博多華丸・大吉,link,35
錦鯉_(お笑いコンビ),澤部佑,link,15
錦鯉_(お笑いコンビ),ブラックマヨネーズ,link,148
錦鯉_(お笑いコンビ),渡辺大知,link,62
錦鯉_(お笑いコンビ),タカアンドトシ,link,727
錦鯉_(お笑いコンビ),斉藤由貴,link,131
錦鯉_(お笑いコンビ),サンドウィッチマン_(お笑いコンビ),link,48
錦鯉_(お笑いコンビ),ナイツ_(お笑いコンビ),link,11
錦鯉_(お笑いコンビ),小峠英二,link,66
博多華丸・大吉,ウド鈴木,link,33
博多華丸・大吉,ビートたけし,link,21
博多華丸・大吉,堀内健,link,30
博多華丸・大吉,千鳥_(お笑いコンビ),link,12
博多華丸・大吉,原田泰造,link,28
博多華丸・大吉,カンニング竹山,link,213
ブラックマヨネーズ,有吉弘行,link,19
ブラックマヨネーズ,陣内智則,link,16
ぺこぱ,若林正恭,link,26
ぺこぱ,渡辺直美,link,33
ぺこぱ,和牛_(お笑いコンビ),link,12
ぺこぱ,ナイツ_(お笑いコンビ),link,10
ミルクボーイ,霜降り明星,link,34
ミルクボーイ,高橋茂雄,link,17
和牛_(お笑いコンビ),霜降り明星,link,23
和牛_(お笑いコンビ),かまいたち_(お笑いコンビ),link,143
相武紗季,木南晴夏,link,451
蒼井優,早見あかり,link,30
蒼井優,山崎静代,link,169
蒼井優,宮﨑あおい,link,252
蒼井優,大竹しのぶ,link,11
蒼井優,満島ひかり,link,146
蒼井優,山里亮太,link,1478
蒼井優,市原隼人,link,16
蒼井優,高畑充希,link,93
蒼井優,安藤サクラ,link,147
葵わかな,望月歩,link,18
葵わかな,中村ゆりか,link,30
葵わかな,永野芽郁,link,288
葵わかな,上野樹里,link,16
葵わかな,佐藤寛太,link,575
秋田汐梨,萩原みのり,link,27
秋田汐梨,玉城ティナ,link,14
秋元梢,松田翔太,link,1008
秋元梢,松田龍平,link,288
浅川梨奈,浜辺美波,link,56
浅川梨奈,平祐奈,link,47
浅田舞,浅田真央,link,798
浅田真央,浅田舞,link,922
浅田真央,大地真央,link,37
浅田真央,羽生結弦,link,10
浅田美代子,石野真子,link,175
浅田美代子,明石家さんま,link,14
浅野ゆう子,唐沢寿明,link,60
浅野ゆう子,風吹ジュン,link,52
朝日奈央,夏菜,link,113
朝日奈央,百田夏菜子,link,344
朝日奈央,松岡茉優,link,632
朝日奈央,玉木宏,link,12
朝日奈央,バカリズム,link,155
朝日奈央,SHELLY,link,45
朝日奈央,井森美幸,link,22
朝比奈彩,北川景子,link,67
朝比奈彩,山下健二郎,link,1386
芦田愛菜,鈴木福,link,886
芦田愛菜,宮沢りえ,link,16
芦田愛菜,サンドウィッチマン_(お笑いコンビ),link,10
麻生久美子,黒木華,link,55
麻生久美子,オダギリジョー,link,60
麻生久美子,原田美枝子,link,34
麻生久美子,永作博美,link,34
麻生祐未,名取裕子,link,10
安達祐実,芦田愛菜,link,162
安達祐実,中村勘九郎_(6代目),link,31
足立梨花,染谷将太,link,588
足立梨花,桜庭ななみ,link,295
足立梨花,石原さとみ,link,60
天海祐希,吉永小百合,link,57
天海祐希,深津絵里,link,343
天海祐希,米倉涼子,link,218
天海祐希,大地真央,link,14
天海祐希,豊嶋花,link,20
天海祐希,竹野内豊,link,133
天海祐希,唐沢寿明,link,40
天海祐希,竹中直人,link,25
天海祐希,真矢ミキ,link,10
天海祐希,常盤貴子,link,239
綾瀬はるか,中村倫也,link,10
綾瀬はるか,中井貴一,link,15
綾瀬はるか,多部未華子,link,81
綾瀬はるか,寺島しのぶ,link,25
綾瀬はるか,深津絵里,link,62
綾瀬はるか,藤木直人,link,34
綾瀬はるか,吹石一恵,link,67
綾瀬はるか,板谷由夏,link,65
綾瀬はるか,新垣結衣,link,12
綾瀬はるか,関水渚,link,32
綾瀬はるか,中谷美紀,link,45
綾瀬はるか,長澤まさみ,link,509
綾瀬はるか,清原果耶,link,14
綾瀬はるか,松たか子,link,58
綾瀬はるか,小日向文世,link,35
綾瀬はるか,広瀬すず,link,124
綾瀬はるか,木村拓哉,link,10
綾瀬はるか,石原さとみ,link,15
新井恵理那,武井壮,link,37
新井恵理那,近藤春菜,link,44
新井恵理那,ホラン千秋,link,10
新井恵理那,岡田准一,link,155
新垣結衣,比嘉愛未,link,507
新垣結衣,多部未華子,link,522
新垣結衣,南沙良,link,75
新垣結衣,綾瀬はるか,link,19
新垣結衣,長澤まさみ,link,21
新垣結衣,戸田恵梨香,link,332
新垣結衣,星野源,link,3013
新垣結衣,蓮佛美沙子,link,530
新木優子,高良健吾,link,54
新木優子,有田哲平,link,17
新木優子,山崎弘也,link,34
新木優子,馬場ふみか,link,785
新木優子,谷まりあ,link,164
新木優子,常盤貴子,link,10
有村架純,中村倫也,link,20
有村架純,森川葵,link,537
有村架純,坂口健太郎,link,65
有村架純,二階堂ふみ,link,558
有村架純,佐久間由衣,link,264
有村架純,戸田恵梨香,link,10
有村架純,星野源,link,33
有村架純,松本穂香,link,85
有村架純,柳楽優弥,link,110
有村架純,高畑充希,link,587
杏_(女優),渡辺謙,link,3901
杏_(女優),福山雅治,link,11
杏_(女優),坂口健太郎,link,20
杏_(女優),吉高由里子,link,218
杏_(女優),観月ありさ,link,102
杏_(女優),黒島結菜,link,409
杏_(女優),三浦貴大,link,562
安藤サクラ,奥田瑛二,link,2906
安藤サクラ,柄本佑,link,4662
安藤サクラ,満島ひかり,link,98
安藤サクラ,リリー・フランキー,link,19
安藤サクラ,柄本時生,link,798
安藤サクラ,柄本明,link,800
安藤サクラ,窪田正孝,link,11
飯豊まりえ,武田玲奈,link,45
飯豊まりえ,西野七瀬,link,89
飯豊まりえ,ベッキー,link,17
飯豊まりえ,鈴鹿央士,link,91
飯豊まりえ,玉城ティナ,link,293
生田絵梨花,松井玲奈,link,81
生田絵梨花,大原櫻子,link,15
生田絵梨花,池田エライザ,link,179
生田絵梨花,島崎遥香,link,33
生田絵梨花,白石麻衣,link,276
生田絵梨花,川口春奈,link,17
池田エライザ,山本美月,link,257
池田エライザ,神尾楓珠,link,119
池田エライザ,松井愛莉,link,391
池田エライザ,上白石萌音,link,17
池田エライザ,柳ゆり菜,link,94
池田エライザ,古畑星夏,link,269
池田エライザ,浅野忠信,link,27
井桁弘恵,小川紗良,link,897
井桁弘恵,杉野遥亮,link,14
井桁弘恵,山崎育三郎,link,94
池田美優,藤田ニコル,link,2348
池田美優,有吉弘行,link,238
池田美優,山口智充,link,12
池間夏海,新垣結衣,link,16
池間夏海,黒島結菜,link,21
池脇千鶴,妻夫木聡,link,21
池脇千鶴,井上真央,link,41
生駒里奈,小嶋陽菜,link,34
生駒里奈,西野七瀬,link,60
生駒里奈,松井玲奈,link,60
生駒里奈,生田絵梨花,link,54
生駒里奈,白石麻衣,link,86
生駒里奈,足立梨花,link,36
石田ニコル,藤田ニコル,link,61
石田ニコル,田中卓志,link,11
石田ひかり,石田ゆり子,link,2820
石田ゆり子,板谷由夏,link,346
石田ゆり子,石田ひかり,link,5938
石野真子,沢村一樹,link,10
石野真子,浅田美代子,link,26
石野真子,松田聖子,link,14
石橋静河,橋本愛_(1996年生),link,15
石橋静河,原田美枝子,link,6747
石橋静河,佐藤健_(俳優),link,32
石橋静河,市川実日子,link,24
石橋静河,池松壮亮,link,214
石原さとみ,新垣結衣,link,11
石原さとみ,長澤まさみ,link,11
石原さとみ,市村正親,link,36
石原さとみ,松本まりか,link,332
泉里香,北川景子,link,441
磯野貴理子,森尾由美,link,161
磯野貴理子,島崎和歌子,link,27
磯野貴理子,和田アキ子,link,11
磯山さやか,安めぐみ,link,41
磯山さやか,酒井若菜,link,51
磯山さやか,MEGUMI,link,20
板谷由夏,石田ゆり子,link,1143
市川実日子,瀧内公美,link,34
いとうあさこ,黒沢かずこ,link,34
いとうあさこ,ガンバレルーヤ,link,10
いとうあさこ,板尾創路,link,23
伊藤歩,斎藤工,link,12
伊藤沙莉,吉岡里帆,link,209
伊藤沙莉,松岡茉優,link,321
伊藤沙莉,志尊淳,link,12
稲森いずみ,藤原紀香,link,12
井上咲楽,岡田結実,link,11
井上咲楽,有村架純,link,54
井上咲楽,石原さとみ,link,25
井上真央,松田翔太,link,47
井上真央,池脇千鶴,link,136
井上真央,岸部一徳,link,61
井上真央,松本潤,link,13
井上真央,松たか子,link,19
井上真央,小栗旬,link,46
井上真央,役所広司,link,10
伊原六花,宮﨑あおい,link,48
今田美桜,杉咲花,link,588
今田美桜,小芝風花,link,11
今田美桜,永野芽郁,link,904
今田美桜,満島ひかり,link,258
今田美桜,有村架純,link,16
今田美桜,広瀬すず,link,60
今田美桜,岡崎紗絵,link,614
IMALU,大竹しのぶ,link,619
IMALU,明石家さんま,link,391
IMALU,葵わかな,link,27
IMALU,仲里依紗,link,12
芋生悠,神尾楓珠,link,15
芋生悠,武田梨奈,link,270
井本彩花,イモトアヤコ,link,19
井本彩花,岡田結実,link,33
井本彩花,小芝風花,link,44
イモトアヤコ,北川景子,link,28
イモトアヤコ,井本彩花,link,28
イモトアヤコ,柳原可奈子,link,20
イモトアヤコ,成海璃子,link,17
イモトアヤコ,城田優,link,11
井森美幸,鈴木保奈美,link,86
井森美幸,中山美穂,link,45
井森美幸,南野陽子,link,58
井森美幸,中山秀征,link,50
井森美幸,河北麻友子,link,10
井森美幸,斉藤由貴,link,46
上戸彩,今田耕司,link,22
上野樹里,永山瑛太,link,12
上野樹里,吉高由里子,link,292
上野樹里,鈴木京香,link,42
上野樹里,長澤まさみ,link,49
上野樹里,岸谷五朗,link,92
宇賀なつみ,田中みな実,link,137
宇賀なつみ,観月ありさ,link,105
宇垣美里,鷲見玲奈,link,86
宇多田ヒカル,又吉直樹,link,12
内田有紀,吉岡秀隆,link,26073
榮倉奈々,西田敏行,link,31
榮倉奈々,坂口健太郎,link,69
榮倉奈々,篠原涼子,link,57
榮倉奈々,賀来千香子,link,483
榮倉奈々,安田顕,link,12
榮倉奈々,菅野美穂,link,22
榮倉奈々,長澤まさみ,link,131
榮倉奈々,水川あさみ,link,79
榮倉奈々,賀来賢人,link,3727
江口のりこ,柄本佑,link,37
江口のりこ,真木よう子,link,461
江口のりこ,柄本明,link,227
蛯原友里,稲垣吾郎,link,16
蛯原友里,押切もえ,link,627
蛯原友里,山田優_(モデル),link,515
大久保佳代子,土田晃之,link,42
大久保佳代子,光浦靖子,link,3283
大久保佳代子,いとうあさこ,link,11
大坂なおみ,錦織圭,link,19
大沢あかね,劇団ひとり,link,2095
大沢あかね,オダギリジョー,link,60
大島美幸,黒沢かずこ,link,426
大島美幸,村上知子,link,478
大島優子,木村文乃,link,23
大島優子,吉高由里子,link,66
大島優子,林遣都,link,11454
大島優子,榮倉奈々,link,56
大島優子,永作博美,link,52
大島優子,戸田恵梨香,link,109
大島優子,指原莉乃,link,21
大島優子,前田敦子,link,334
大島優子,香川照之,link,30
大島優子,高橋みなみ,link,60
大竹しのぶ,池脇千鶴,link,20
大竹しのぶ,IMALU,link,1139
大竹しのぶ,明石家さんま,link,799
大塚寧々,田辺誠一,link,3715
大塚寧々,永作博美,link,35
大友花恋,横田真悠,link,304
大友花恋,水谷果穂,link,345
大友花恋,田辺桃子,link,210
大友花恋,永野芽郁,link,143
大友花恋,新川優愛,link,65
大友花恋,桜田ひより,link,48
大野いと,綾瀬はるか,link,10
大政絢,夏帆,link,26
大政絢,波瑠,link,210
大政絢,宮﨑あおい,link,14
大政絢,高岡早紀,link,72
大政絢,佐々木希,link,129
岡崎紗絵,浜辺美波,link,45
岡崎紗絵,新川優愛,link,138
岡崎紗絵,広瀬すず,link,92
岡副麻希,桐谷美玲,link,27
岡田結実,岡田圭右,link,1374
岡田結実,濱田岳,link,55
岡田結実,出川哲朗,link,22
岡田結実,浜田雅功,link,22
岡本夏美,浜辺美波,link,27
岡本夏美,平祐奈,link,44
岡本玲,蒼井優,link,15
岡本玲,新垣結衣,link,17
小川紗良,井桁弘恵,link,73
奥貫薫,福山雅治,link,16
小倉優子,有吉弘行,link,38
押切もえ,陣内智則,link,15
押切もえ,蛯原友里,link,428
押切もえ,藤原紀香,link,36
押切もえ,山田優_(モデル),link,223
乙葉,藤井隆,link,1255
おのののか,小倉優子,link,17
おのののか,菜々緒,link,25
賀来千香子,佐野史郎,link,33
賀来千香子,賀来賢人,link,2101
筧美和子,新川優愛,link,829
柏木由紀,小嶋陽菜,link,220
柏木由紀,生駒里奈,link,17
柏木由紀,指原莉乃,link,248
柏木由紀,前田敦子,link,81
柏木由紀,大島優子,link,30
柏木由紀,高橋みなみ,link,27
片桐はいり,小林聡美,link,646
片平なぎさ,船越英一郎,link,110
片平なぎさ,榊原郁恵,link,46
加藤小夏,宮﨑あおい,link,61
加藤小夏,綾瀬はるか,link,26
加藤小夏,中谷美紀,link,53
門脇麦,森川葵,link,17
門脇麦,岸井ゆきの,link,33
門脇麦,蒼井優,link,87
門脇麦,宮﨑あおい,link,106
門脇麦,小松菜奈,link,542
門脇麦,土屋太鳳,link,43
夏帆,川口春奈,link,17
夏帆,村上虹郎,link,31
夏帆,萩原みのり,link,10
夏帆,星野源,link,29
夏帆,柳楽優弥,link,158
夏帆,満島ひかり,link,18
夏帆,清野菜名,link,11
上白石萌歌,浜辺美波,link,10
上白石萌歌,上白石萌音,link,7809
上白石萌歌,黒島結菜,link,212
上白石萌音,上白石萌歌,link,11542
上白石萌音,深津絵里,link,37
上白石萌音,池田エライザ,link,17
上白石萌音,川栄李奈,link,56
上白石萌音,井上真央,link,80
上白石萌音,藤原さくら,link,52
上白石萌音,清原果耶,link,184
上白石萌音,松たか子,link,27
上白石萌音,風間俊介,link,133
上白石萌音,橋本環奈,link,28
上白石萌音,高畑充希,link,57
茅島みずき,田鍋梨々花,link,12
茅島みずき,永野芽郁,link,124
茅島みずき,桜田ひより,link,26
河合優実,瀧内公美,link,37
河合優実,見上愛,link,464
河合優実,森山未來,link,72
川栄李奈,深津絵里,link,42
川栄李奈,片寄涼太,link,21
川栄李奈,志尊淳,link,672
川栄李奈,上白石萌音,link,68
川栄李奈,満島ひかり,link,70
川栄李奈,大島優子,link,140
河北麻友子,桐谷美玲,link,384
河北麻友子,成海璃子,link,435
河北麻友子,萬田久子,link,228
川口春奈,夏帆,link,15
川口春奈,大泉洋,link,33
川口春奈,成海璃子,link,15
川口春奈,山﨑賢人,link,26
川口春奈,志尊淳,link,340
川口春奈,菅野美穂,link,148
川口春奈,加藤清史郎,link,19
川口春奈,福原遥,link,12
川口春奈,橋本環奈,link,12
川口春奈,仲里依紗,link,1281
川島海荷,西田敏行,link,17
川島海荷,柴咲コウ,link,15
川島海荷,志田未来,link,326
川島海荷,宮﨑あおい,link,44
川島海荷,新垣結衣,link,34
貫地谷しほり,北川景子,link,58
貫地谷しほり,比嘉愛未,link,85
貫地谷しほり,本仮屋ユイカ,link,84
貫地谷しほり,風吹ジュン,link,16
菅野美穂,鶴田真由,link,51
菅野美穂,和久井映見,link,118
菅野美穂,榮倉奈々,link,60
菅野美穂,加藤浩次,link,18
菅野美穂,有田哲平,link,10
菅野美穂,山崎弘也,link,12
菅野美穂,MEGUMI,link,28
菅野美穂,堺雅人,link,1448
菅野莉央,神木隆之介,link,165
菊池桃子,福地桃子,link,57
菊池桃子,南野陽子,link,16
菊池桃子,薬師丸ひろ子,link,20
岸井ゆきの,高橋一生,link,10
岸井ゆきの,小関裕太,link,43
岸井ゆきの,清野菜名,link,13
岸本加世子,ビートたけし,link,11
北川景子,平手友梨奈,link,47
北川景子,浜辺美波,link,33
北川景子,DAIGO,link,3479
北川景子,田辺桃子,link,46
北川景子,永野芽郁,link,47
北川景子,岡崎紗絵,link,37
北乃きい,新垣結衣,link,25
北乃きい,山崎紘菜,link,14
吉瀬美智子,羽田美智子,link,68
吉瀬美智子,北村一輝,link,1490
吉瀬美智子,長谷川京子,link,51
吉瀬美智子,酒井美紀,link,11
吉瀬美智子,上戸彩,link,361
木南晴夏,天海祐希,link,43
木南晴夏,相武紗季,link,864
木南晴夏,玉木宏,link,5699
木村カエラ,永山瑛太,link,1035
木村カエラ,きゃりーぱみゅぱみゅ,link,46
木村カエラ,永山絢斗,link,289
木村文乃,松田翔太,link,54
木村文乃,広瀬アリス,link,17
木村文乃,杉咲花,link,327
木村文乃,木村佳乃,link,509
木村文乃,岡田将生,link,34
木村文乃,タモリ,link,30
木村文乃,菜々緒,link,22
木村文乃,大島優子,link,14
木村佳乃,瀬戸朝香,link,14
木村佳乃,東山紀之,link,1903
木村佳乃,木村文乃,link,284
きゃりーぱみゅぱみゅ,益若つばさ,link,61
清原果耶,成田凌,link,24
清原果耶,吉高由里子,link,234
清原果耶,横浜流星,link,14
清原果耶,森七菜,link,13
清原果耶,蒔田彩珠,link,227
清原果耶,ローラ_(モデル),link,91
清原果耶,綾瀬はるか,link,29
清原果耶,新垣結衣,link,32
清原果耶,永野芽郁,link,14
清原果耶,福原遥,link,13
清原果耶,有村架純,link,10
清原果耶,広瀬すず,link,11
清原果耶,中川大志_(俳優),link,47
桐谷美玲,河北麻友子,link,458
桐谷美玲,三浦翔平,link,4057
草刈民代,草刈正雄,link,62
草刈民代,安田顕,link,25
草刈民代,役所広司,link,16
国仲涼子,向井理,link,1607
久保田紗友,紺野彩夏,link,11
久保田紗友,横田真悠,link,137
久保田紗友,鈴鹿央士,link,47
久間田琳加,横田真悠,link,53
久間田琳加,飯豊まりえ,link,46
久間田琳加,清原果耶,link,31
久間田琳加,萩原みのり,link,61
久間田琳加,永野芽郁,link,143
久間田琳加,古畑星夏,link,118
倉科カナ,斉藤由貴,link,13
栗山千明,宇多田ヒカル,link,11
黒木華,余貴美子,link,35
黒木華,夏菜,link,10
黒木華,瀧内公美,link,32
黒木華,蒔田彩珠,link,63
黒木華,麻生久美子,link,39
黒木華,安田成美,link,28
黒木華,柳楽優弥,link,12
黒木華,市川実日子,link,11
黒木瞳,北川景子,link,13
黒木瞳,千葉雄大,link,43
黒木瞳,大地真央,link,211
黒木瞳,DAIGO,link,14
黒木瞳,紺野まひる,link,56
黒木瞳,水谷豊,link,44
黒木瞳,真矢ミキ,link,258
黒沢かずこ,大島美幸,link,520
黒沢かずこ,光浦靖子,link,23
黒沢かずこ,いとうあさこ,link,41
黒沢かずこ,村上知子,link,479
黒沢かずこ,清水ミチコ,link,14
黒島結菜,玉山鉄二,link,90
黒島結菜,中条あやみ,link,1674
黒島結菜,成海璃子,link,341
黒島結菜,小瀧望,link,38
黒島結菜,井上真央,link,312
黒島結菜,戸田恵梨香,link,47
黒島結菜,小関裕太,link,130
黒島結菜,満島ひかり,link,943
黒島結菜,福原遥,link,10
黒島結菜,杏_(女優),link,814
小池栄子,鈴木保奈美,link,66
小池栄子,和久井映見,link,15
小池栄子,木村多江,link,16
小池栄子,桑田佳祐,link,18
小池栄子,松本人志,link,16
小池栄子,鈴木京香,link,43
小池栄子,松雪泰子,link,94
小池栄子,水川あさみ,link,46
小池栄子,MEGUMI,link,327
小池栄子,尾野真千子,link,10
Cocomi,木村拓哉,link,858
小芝風花,中村倫也,link,138
小芝風花,赤楚衛二,link,404
小芝風花,多部未華子,link,30
小芝風花,富田望生,link,547
小芝風花,倉科カナ,link,242
小芝風花,今田美桜,link,12
小芝風花,寺島しのぶ,link,90
小芝風花,蒼井優,link,121
小芝風花,佐久間由衣,link,598
小芝風花,中島健人,link,46
小芝風花,木南晴夏,link,322
小芝風花,野間口徹,link,13
小芝風花,戸次重幸,link,26
小芝風花,満島ひかり,link,115
小芝風花,小日向文世,link,11
小芝風花,安藤サクラ,link,117
小嶋陽菜,生駒里奈,link,24
小嶋陽菜,前田敦子,link,69
小嶋陽菜,大島優子,link,71
小嶋陽菜,高橋みなみ,link,223
小林聡美,室井滋,link,90
小松菜奈,杉咲花,link,400
小松菜奈,蒼井優,link,292
小松菜奈,門脇麦,link,587
小松菜奈,菅田将暉,link,5471
小松菜奈,清野菜名,link,854
小雪_(女優),吉岡秀隆,link,158
小雪_(女優),松山ケンイチ,link,15381
近藤春菜,設楽統,link,15
近藤春菜,松山ケンイチ,link,15
近藤春菜,田村淳,link,10
近藤春菜,六角精児,link,42
近藤春菜,吉高由里子,link,46
近藤春菜,加藤浩次,link,27
近藤春菜,水川あさみ,link,34
近藤春菜,カンニング竹山,link,21
紺野彩夏,佐藤寛太,link,13
紺野美沙子,高島礼子,link,36
齋藤飛鳥,与田祐希,link,15
齋藤飛鳥,西野七瀬,link,30
齋藤飛鳥,山下美月,link,214
齋藤飛鳥,生田絵梨花,link,15
齋藤飛鳥,白石麻衣,link,110
斉藤由貴,高橋克典,link,11
斉藤由貴,南野陽子,link,37
斉藤由貴,黒木瞳,link,10
斉藤由貴,菊池桃子,link,23
坂井真紀,酒井美紀,link,157
坂井真紀,松下由樹,link,42
酒井美紀,坂井真紀,link,67
酒井若菜,太田光,link,50
榊原郁恵,唐沢寿明,link,36
榊原郁恵,柳沢慎吾,link,16
坂下千里子,MEGUMI,link,120
坂ノ上茜,木村文乃,link,56
坂ノ上茜,岡本夏美,link,30
坂ノ上茜,蒼井優,link,22
坂ノ上茜,満島ひかり,link,29
佐久間由衣,朝比奈彩,link,688
佐久間由衣,有村架純,link,136
桜井日奈子,武田玲奈,link,303
桜井日奈子,北川景子,link,30
桜井日奈子,間宮祥太朗,link,53
桜井日奈子,和牛_(お笑いコンビ),link,22
桜井ユキ,黒羽麻璃央,link,26702
桜田ひより,藤原大祐,link,42
桜田ひより,蒔田彩珠,link,49
桜田ひより,恒松祐里,link,23
桜庭ななみ,相武紗季,link,112
桜庭ななみ,長澤まさみ,link,31
桜庭ななみ,戸田恵梨香,link,20
佐々木希,大政絢,link,488
指原莉乃,フワちゃん,link,78
指原莉乃,山﨑賢人,link,23
指原莉乃,柏木由紀,link,82
指原莉乃,大島優子,link,16
指原莉乃,高橋みなみ,link,35
佐藤栞里,滝沢カレン,link,14
佐藤栞里,大政絢,link,60
佐藤栞里,いとうあさこ,link,24
佐藤栞里,佐藤二朗,link,46
佐野ひなこ,大野いと,link,12
佐野ひなこ,馬場ふみか,link,15
沢口靖子,桑田佳祐,link,119
志田未来,川島海荷,link,1087
志田未来,上戸彩,link,12
志田未来,山田優_(モデル),link,26
篠原涼子,真木よう子,link,16
篠原涼子,柴咲コウ,link,11
篠原涼子,佐藤浩市,link,10
篠原涼子,長谷川京子,link,42
篠原涼子,鈴木京香,link,45
篠原涼子,今田耕司,link,13
篠原涼子,広末涼子,link,39
篠原涼子,石田ゆり子,link,23
篠原涼子,稲森いずみ,link,62
篠原涼子,市村正親,link,2675
篠原涼子,上野樹里,link,19
柴咲コウ,天海祐希,link,41
柴咲コウ,福山雅治,link,223
柴咲コウ,白石美帆,link,232
柴咲コウ,阿部サダヲ,link,12
柴咲コウ,吉高由里子,link,331
柴咲コウ,榮倉奈々,link,53
柴咲コウ,北村一輝,link,100
柴咲コウ,妻夫木聡,link,52
柴咲コウ,劇団ひとり,link,16
柴咲コウ,堤真一,link,95
柴咲コウ,佐藤隆太,link,15
柴咲コウ,広末涼子,link,50
柴咲コウ,長澤まさみ,link,69
柴咲コウ,鈴木砂羽,link,55
柴田理恵,久本雅美,link,259
柴田理恵,吉田鋼太郎,link,50
渋谷凪咲,柏木由紀,link,121
島崎遥香,吉岡里帆,link,26
島崎遥香,森川葵,link,39
島崎遥香,松井玲奈,link,34
島崎遥香,広瀬すず,link,17
島崎和歌子,中山美穂,link,13
島崎和歌子,磯野貴理子,link,118
島崎和歌子,マツコ・デラックス,link,20
島崎和歌子,深津絵里,link,68
島崎和歌子,今田耕司,link,39
島崎和歌子,石田ひかり,link,12
島崎和歌子,いとうあさこ,link,10
清水ミチコ,大竹しのぶ,link,21
清水ミチコ,桃井かおり,link,16
趣里,寺脇康文,link,37
趣里,水谷豊,link,11319
趣里,福原遥,link,11
趣里,武田鉄矢,link,64
白石麻衣,生駒里奈,link,102
白石麻衣,西野七瀬,link,443
白石麻衣,山下美月,link,33
白石麻衣,生田絵梨花,link,183
白石麻衣,佐々木希,link,30
白石麻衣,壇蜜,link,31
白石麻衣,森絵梨佳,link,63
白石麻衣,齋藤飛鳥,link,118
白石麻衣,石原さとみ,link,17
白石美帆,玉山鉄二,link,10
白石美帆,比嘉愛未,link,29
白石美帆,伊藤淳史,link,17
白石美帆,柴咲コウ,link,20
新川優愛,天海祐希,link,29
新川優愛,筧美和子,link,383
新川優愛,岡崎紗絵,link,61
杉咲花,木村文乃,link,35
杉咲花,志田未来,link,203
杉咲花,宮沢りえ,link,84
杉咲花,小松菜奈,link,271
杉咲花,山口智充,link,26
杉咲花,奈緒,link,18
杉咲花,黒島結菜,link,34
杉咲花,木村拓哉,link,32
杉咲花,吉沢亮,link,10
鈴木京香,長谷川博己,link,2356
鈴木京香,堤真一,link,801
鈴木京香,清原果耶,link,28
鈴木京香,上野樹里,link,80
鈴木京香,常盤貴子,link,111
鈴木砂羽,夏川結衣,link,25
鈴木奈々,益若つばさ,link,171
鈴木保奈美,江口洋介,link,419
鈴木保奈美,石橋貴明,link,1905
鈴木保奈美,織田裕二,link,179
鈴木ゆうか,小宮璃央,link,40
鈴木ゆうか,桐谷美玲,link,14
鈴木梨央,吉田羊,link,61
鈴木梨央,芦田愛菜,link,119
清野菜名,松坂桃李,link,154
清野菜名,生田斗真,link,10024
清野菜名,小松菜奈,link,1149
清野菜名,永野芽郁,link,102
清野菜名,橋本環奈,link,16
清野菜名,風吹ジュン,link,15
関水渚,石橋静河,link,68
関水渚,長澤まさみ,link,50
関水渚,細田佳央太,link,141
関水渚,石原さとみ,link,16
瀬戸朝香,井ノ原快彦,link,1092
瀬戸朝香,仲間由紀恵,link,33
大地真央,天海祐希,link,10
大地真央,黒木瞳,link,332
大地真央,松平健,link,2387
大地真央,今野浩喜,link,215
大地真央,浅野ゆう子,link,74
平祐奈,岡本夏美,link,66
平祐奈,広瀬すず,link,78
平祐奈,中川大志_(俳優),link,44
高岡早紀,田中律子,link,18
高島彩,高橋英樹_(俳優),link,34
高嶋ちさ子,松本人志,link,42
高嶋ちさ子,髙嶋政宏,link,2162
高島礼子,黒谷友香,link,87
高島礼子,松平健,link,34
高梨臨,加瀬亮,link,29
高梨臨,吉高由里子,link,80
髙橋ひかる,井本彩花,link,33
髙橋ひかる,白石麻衣,link,15
高橋ひとみ,中井貴一,link,15
高橋ひとみ,友近,link,24
高橋ひとみ,IKKO,link,14
高橋真麻,高橋英樹_(俳優),link,894
高橋真麻,田中卓志,link,53
高橋みなみ,小嶋陽菜,link,95
高橋みなみ,柏木由紀,link,24
高橋みなみ,前田敦子,link,83
高橋みなみ,大島優子,link,45
高畑淳子,北川景子,link,339
高畑淳子,永作博美,link,22
高畑充希,森川葵,link,79
高畑充希,田中みな実,link,25
高畑充希,黒木瞳,link,16
高畑充希,キムラ緑子,link,30
高畑充希,柄本時生,link,28
高畑充希,有村架純,link,98
高畑充希,池松壮亮,link,30
高畑充希,前田敦子,link,24
瀧内公美,柄本佑,link,77
瀧内公美,笹野高史,link,28
瀧内公美,河合優実,link,19
滝川クリステル,小泉孝太郎,link,397
滝沢カレン,新川優愛,link,156
瀧本美織,山本舞香,link,307
瀧本美織,麻生久美子,link,185
竹下景子,原日出子,link,21
竹下景子,市毛良枝,link,12
竹下景子,高橋惠子,link,61
竹下景子,宮崎美子,link,19
竹下景子,戸田恵子,link,69
武田梨奈,武田玲奈,link,70
武田玲奈,新垣結衣,link,18
武田玲奈,飯豊まりえ,link,121
武田玲奈,岡山天音,link,30
武田玲奈,桜井日奈子,link,144
武田玲奈,武田梨奈,link,145
田中みな実,宮根誠司,link,35
田中みな実,藤井隆,link,11
田中みな実,羽鳥慎一,link,37
田中律子,高岡早紀,link,22
田辺桃子,大友花恋,link,145
田鍋梨々花,秋田汐梨,link,18
田鍋梨々花,宮世琉弥,link,12
谷まりあ,出川哲朗,link,18
玉城ティナ,山田杏奈,link,10
玉城ティナ,島崎遥香,link,33
玉城ティナ,飯豊まりえ,link,460
玉城ティナ,松本穂香,link,30
檀れい,及川光博,link,3660
千秋_(タレント),遠藤章造,link,785
千秋_(タレント),YOU_(タレント),link,37
千秋_(タレント),出川哲朗,link,10
千秋_(タレント),大塚寧々,link,35
千秋_(タレント),ベッキー,link,19
千秋_(タレント),内村光良,link,27
千秋_(タレント),ともさかりえ,link,18
千秋_(タレント),内田有紀,link,16
土村芳,黒木華,link,37
土村芳,芳根京子,link,17
土屋アンナ,深田恭子,link,17
土屋アンナ,夏木マリ,link,39
土屋太鳳,津田寛治,link,16
土屋太鳳,鈴木亮平_(俳優),link,25
土屋太鳳,イモトアヤコ,link,16
土屋太鳳,柴咲コウ,link,22
土屋太鳳,出川哲朗,link,14
土屋太鳳,蒼井優,link,13
土屋太鳳,芳根京子,link,21
土屋太鳳,山﨑賢人,link,71
土屋太鳳,浜田雅功,link,35
土屋太鳳,佐藤健_(俳優),link,37
土屋太鳳,橋本環奈,link,10
土屋太鳳,広瀬すず,link,114
土屋太鳳,香川照之,link,33
恒松祐里,浜辺美波,link,31
恒松祐里,上野樹里,link,26
椿鬼奴,藤井隆,link,11
椿鬼奴,千鳥_(お笑いコンビ),link,43
出口夏希,山本美月,link,121
出口夏希,横田真悠,link,48
出口夏希,山本舞香,link,88
出口夏希,南沙良,link,84
出口夏希,森七菜,link,16
出口夏希,広瀬すず,link,11
寺島しのぶ,樋口可南子,link,15
寺島しのぶ,豊川悦司,link,113
寺島しのぶ,市川團十郎_(13代目),link,71
寺島しのぶ,中村勘九郎_(6代目),link,11
寺島しのぶ,中村獅童_(2代目),link,18
常盤貴子,豊川悦司,link,56
常盤貴子,妻夫木聡,link,13
常盤貴子,吉田美月喜,link,67
常盤貴子,鈴木京香,link,134
常盤貴子,戸田恵梨香,link,11
常盤貴子,松たか子,link,15
徳永えり,藤井隆,link,12
徳永えり,濱田岳,link,83
徳永えり,蒼井優,link,27
徳永えり,新垣結衣,link,21
戸田恵梨香,松坂桃李,link,6685
戸田恵梨香,松田翔太,link,13
戸田恵梨香,比嘉愛未,link,482
戸田恵梨香,加瀬亮,link,25
戸田恵梨香,大竹しのぶ,link,44
戸田恵梨香,新垣結衣,link,626
戸田恵梨香,中谷美紀,link,148
戸田恵梨香,永野芽郁,link,129
戸田恵梨香,大島優子,link,437
戸田恵子,竹下景子,link,86
戸田菜穂,戸田恵梨香,link,169
富田靖子,深津絵里,link,86
富田靖子,斉藤由貴,link,56
富田靖子,薬師丸ひろ子,link,148
富田靖子,松下由樹,link,734
豊嶋花,芦田愛菜,link,14
トラウデン直美,山田優_(モデル),link,55
なえなの,井上咲楽,link,12
奈緒,箭内夢菜,link,11
奈緒,菜々緒,link,131
奈緒,永野芽郁,link,2492
奈緒,松田龍平,link,230
仲里依紗,中尾明慶,link,12971
中川翔子,松田聖子,link,17
中川翔子,LiLiCo,link,128
永作博美,夏川結衣,link,13
永作博美,高畑淳子,link,32
長澤まさみ,夏帆,link,336
長澤まさみ,柴咲コウ,link,436
長澤まさみ,加瀬亮,link,10
長澤まさみ,吉高由里子,link,48
長澤まさみ,見上愛,link,110
長澤まさみ,綾瀬はるか,link,728
長澤まさみ,新垣結衣,link,20
長澤まさみ,山下智久,link,34
長澤まさみ,阿部寛,link,115
長澤まさみ,松たか子,link,333
長澤まさみ,明石家さんま,link,16
長澤まさみ,上野樹里,link,90
長澤まさみ,薬師丸ひろ子,link,20
長澤まさみ,有村架純,link,612
長澤まさみ,広瀬すず,link,232
長澤まさみ,石原さとみ,link,14
中条あやみ,武井壮,link,80
中条あやみ,三吉彩花,link,592
中条あやみ,新川優愛,link,581
中条あやみ,水川あさみ,link,41
中条あやみ,黒島結菜,link,397
中条あやみ,広瀬すず,link,135
中谷美紀,室井滋,link,33
中谷美紀,綾瀬はるか,link,78
中谷美紀,永作博美,link,46
永野芽郁,北川景子,link,12
永野芽郁,多部未華子,link,81
永野芽郁,坂口健太郎,link,165
永野芽郁,深田恭子,link,55
永野芽郁,結木滉星,link,16
永野芽郁,浜辺美波,link,12
永野芽郁,今田美桜,link,1244
永野芽郁,吉瀬美智子,link,52
永野芽郁,北村匠海,link,10
永野芽郁,戸田恵梨香,link,249
永野芽郁,葵わかな,link,381
永野芽郁,広瀬すず,link,23
仲間由紀恵,生瀬勝久,link,164
仲間由紀恵,吉高由里子,link,11
仲間由紀恵,宮﨑あおい,link,18
仲間由紀恵,上川隆也,link,12
仲間由紀恵,阿部寛,link,194
仲間由紀恵,ともさかりえ,link,38
仲間由紀恵,常盤貴子,link,247
中村アン,林修,link,15
中村ゆり,中山美穂,link,14
中村ゆり,伊藤歩,link,25
中村ゆり,中村ゆりか,link,240
中村ゆりか,中村ゆり,link,43
中山美穂,南野陽子,link,97
中山美穂,菊池桃子,link,13
中山美穂,斉藤由貴,link,36
中山美穂,井森美幸,link,19
夏川結衣,余貴美子,link,110
夏川結衣,堤真一,link,36
夏川結衣,永作博美,link,98
夏川結衣,阿部寛,link,99
夏川結衣,鈴木砂羽,link,80
夏木マリ,土屋アンナ,link,18
夏木マリ,シシド・カフカ,link,38
夏菜,矢田亜希子,link,35
夏菜,波瑠,link,48
夏菜,土屋太鳳,link,30
夏菜,新川優愛,link,30
夏菜,三浦貴大,link,32
名取裕子,六角精児,link,210
名取裕子,三浦友和,link,17
名取裕子,片平なぎさ,link,234
名取裕子,矢沢永吉,link,16
菜々緒,栗山千明,link,63
菜々緒,山本美月,link,46
菜々緒,ダレノガレ明美,link,52
菜々緒,マギー_(モデル),link,31
菜々緒,吉高由里子,link,196
菜々緒,押切もえ,link,24
菜々緒,蛯原友里,link,272
菜々緒,ローラ_(モデル),link,34
菜々緒,川口春奈,link,36
菜々緒,水原希子,link,35
菜々緒,長澤まさみ,link,246
菜々緒,永野芽郁,link,14
菜々緒,玉城ティナ,link,51
菜々緒,佐々木希,link,25
菜々緒,浅野忠信,link,65
菜々緒,壇蜜,link,34
菜々緒,大島優子,link,12
菜々緒,仲里依紗,link,57
成海璃子,志田未来,link,14
成海璃子,山本舞香,link,137
成海璃子,臼田あさ美,link,62
成海璃子,河北麻友子,link,54
成海璃子,三浦貴大,link,14
成海璃子,仲間由紀恵,link,21
二階堂ふみ,鈴木亮平_(俳優),link,39
二階堂ふみ,染谷将太,link,195
二階堂ふみ,宮﨑あおい,link,108
二階堂ふみ,山﨑賢人,link,10
二階堂ふみ,山下智久,link,22
二階堂ふみ,有村架純,link,290
二階堂ふみ,役所広司,link,11
西野七瀬,滝沢カレン,link,19
西野七瀬,与田祐希,link,87
西野七瀬,生駒里奈,link,12
西野七瀬,田中みな実,link,14
西野七瀬,神木隆之介,link,11
西野七瀬,長谷川京子,link,14
西野七瀬,白石麻衣,link,204
西野七瀬,新垣結衣,link,22
西野七瀬,飯豊まりえ,link,326
西野七瀬,松本穂香,link,20
西野七瀬,齋藤飛鳥,link,302
生見愛瑠,高橋文哉,link,361
萩原みのり,橋本愛_(1996年生),link,61
萩原みのり,芳根京子,link,69
橋本愛_(1996年生),広瀬アリス,link,96
橋本愛_(1996年生),高良健吾,link,80
橋本愛_(1996年生),神木隆之介,link,51
橋本愛_(1996年生),松岡茉優,link,690
橋本愛_(1996年生),リリー・フランキー,link,25
橋本環奈,櫻井翔,link,28
橋本環奈,平野紫耀,link,123
橋本環奈,ムロツヨシ,link,10
橋本環奈,中島裕翔,link,35
橋本環奈,浜辺美波,link,253
橋本環奈,大泉洋,link,42
橋本環奈,米倉涼子,link,16
橋本環奈,佐藤大樹_(ダンサー),link,22
橋本環奈,上白石萌音,link,173
橋本環奈,長澤まさみ,link,31
橋本環奈,佐藤勝利,link,34
橋本環奈,又吉直樹,link,16
橋本環奈,薬師丸ひろ子,link,20
橋本環奈,小栗旬,link,22
橋本環奈,広瀬すず,link,21
橋本環奈,渡部篤郎,link,30
長谷川京子,吉瀬美智子,link,19
長谷川京子,藤原紀香,link,25
馬場ふみか,新木優子,link,226
馬場ふみか,古川雄大,link,309
濱田マリ,阿部サダヲ,link,19
浜辺美波,山田杏奈,link,10
浜辺美波,福本莉子,link,225
浜辺美波,森川葵,link,120
浜辺美波,岡本夏美,link,79
浜辺美波,大友花恋,link,111
浜辺美波,横浜流星,link,62
浜辺美波,池田エライザ,link,181
浜辺美波,新田真剣佑,link,63
浜辺美波,北村匠海,link,112
浜辺美波,川口春奈,link,14
浜辺美波,川栄李奈,link,226
浜辺美波,髙嶋政宏,link,131
浜辺美波,福原遥,link,219
浜辺美波,橋本環奈,link,316
浜辺美波,有村架純,link,23
浜辺美波,広瀬すず,link,14
原沙知絵,沢村一樹,link,11
原沙知絵,中村俊介,link,23
原日出子,宮崎美子,link,130
原田知世,田中圭,link,10
原田知世,薬師丸ひろ子,link,259
原田美枝子,石橋静河,link,4413
原田美枝子,松坂慶子,link,42
原田美枝子,水谷豊,link,17
波瑠,山本舞香,link,141
波瑠,成海璃子,link,45
波瑠,大政絢,link,167
波瑠,小栗旬,link,35
比嘉愛未,新垣結衣,link,444
比嘉愛未,戸田恵梨香,link,392
樋口可南子,原田美枝子,link,37
ヒコロヒー,おぎやはぎ,link,10
ヒコロヒー,設楽統,link,19
ヒコロヒー,霜降り明星,link,1008
ヒコロヒー,3時のヒロイン,link,71
ヒコロヒー,バカリズム,link,18
久本雅美,福山雅治,link,36
久本雅美,柴田理恵,link,490
久本雅美,古田新太,link,22
久本雅美,渡辺えり,link,34
平岩紙,千原ジュニア,link,10
平手友梨奈,北川景子,link,45
平手友梨奈,生駒里奈,link,44
平手友梨奈,木村文乃,link,73
平手友梨奈,南沙良,link,656
平手友梨奈,白石麻衣,link,29
平手友梨奈,小松菜奈,link,129
平手友梨奈,土屋太鳳,link,53
平手友梨奈,岡田准一,link,48
広末涼子,篠原涼子,link,43
広末涼子,草彅剛,link,32
広末涼子,永野芽郁,link,13
広末涼子,戸田恵梨香,link,15
広瀬アリス,滝藤賢一,link,16
広瀬アリス,山田孝之,link,117
広瀬アリス,橋本愛_(1996年生),link,164
広瀬アリス,橋本環奈,link,11
広瀬アリス,広瀬すず,link,13300
広瀬すず,広瀬アリス,link,7708
広瀬すず,浜辺美波,link,20
広瀬すず,今田美桜,link,13
広瀬すず,土屋太鳳,link,25
広瀬すず,長澤まさみ,link,17
広瀬すず,清原果耶,link,10
広瀬すず,永野芽郁,link,14
広瀬すず,松たか子,link,124
広瀬すず,橋本環奈,link,19
広瀬すず,シソンヌ_(お笑いコンビ),link,214
ファーストサマーウイカ,くっきー!,link,91
深川麻衣,白石麻衣,link,162
深田恭子,綾瀬はるか,link,12
深津絵里,和久井映見,link,32
深津絵里,川栄李奈,link,42
深津絵里,上白石萌音,link,33
深津絵里,原田美枝子,link,13
深津絵里,島崎和歌子,link,31
深津絵里,明石家さんま,link,17
深津絵里,木村拓哉,link,33
吹石一恵,黒谷友香,link,14
吹石一恵,福山雅治,link,1276
吹石一恵,酒井若菜,link,45
吹石一恵,乙葉,link,34
吹石一恵,相武紗季,link,87
福地桃子,菊池桃子,link,80
福地桃子,哀川翔,link,6972
福地桃子,新垣結衣,link,50
福原遥,高橋克典,link,28
福原遥,堀田真由,link,1595
福原遥,富田望生,link,994
福原遥,箭内夢菜,link,778
福原遥,佐藤大樹_(ダンサー),link,11
福原遥,中条あやみ,link,548
福原遥,平祐奈,link,750
福原遥,川口春奈,link,12
福原遥,杉野遥亮,link,238
福原遥,井上真央,link,384
福原遥,又吉直樹,link,359
福原遥,山崎紘菜,link,561
福原遥,黒島結菜,link,12
福原遥,橋本環奈,link,15
福原遥,広瀬すず,link,678
福本莉子,道枝駿佑,link,44
福本莉子,北川景子,link,100
福本莉子,赤楚衛二,link,74
福本莉子,浜辺美波,link,477
福本莉子,北村匠海,link,40
福本莉子,長澤まさみ,link,227
福本莉子,山崎紘菜,link,166
藤田ニコル,池田エライザ,link,401
藤田ニコル,松井愛莉,link,221
藤田ニコル,池田美優,link,784
藤田ニコル,古畑星夏,link,141
藤田ニコル,石田ニコル,link,114
藤野涼子,イモトアヤコ,link,32
藤野涼子,香川照之,link,13
藤本美貴,田村淳,link,53
藤本美貴,陣内孝則,link,82
藤本美貴,大政絢,link,513
藤原さくら,大原櫻子,link,124
藤原さくら,上白石萌音,link,214
藤原紀香,久本雅美,link,26
藤原紀香,片岡愛之助_(6代目),link,1447
藤原紀香,陣内智則,link,787
藤原紀香,長谷川京子,link,10
藤原紀香,浅野ゆう子,link,10
風吹ジュン,常盤貴子,link,28
古川琴音,坂口健太郎,link,70
古川琴音,菅田将暉,link,36
古川琴音,満島ひかり,link,213
古川琴音,細田佳央太,link,11
古畑星夏,久間田琳加,link,53
古畑星夏,池田エライザ,link,108
古畑星夏,松井愛莉,link,174
古畑星夏,川島海荷,link,28
古畑星夏,川口春奈,link,23
古畑星夏,岡本玲,link,41
フワちゃん,アンミカ,link,58
フワちゃん,松本人志,link,20
フワちゃん,有田哲平,link,76
フワちゃん,指原莉乃,link,129
フワちゃん,高嶋ちさ子,link,112
フワちゃん,はじめしゃちょー,link,27
フワちゃん,カンニング竹山,link,31
ベッキー,アンミカ,link,25
ベッキー,中居正広,link,13
辺見えみり,白石美帆,link,18
堀田茜,山本美月,link,145
堀田茜,宮本茉由,link,16
堀田茜,池田エライザ,link,74
堀田茜,蛯原友里,link,186
堀田茜,泉澤祐希,link,10
堀田真由,葵わかな,link,32
堀田真由,恒松祐里,link,22
堀田真由,仲里依紗,link,64
ホラン千秋,中村アン,link,16
ホラン千秋,吉高由里子,link,328
ホラン千秋,長嶋一茂,link,16
堀内敬子,松たか子,link,20
本上まなみ,勝俣州和,link,89
本田翼,山本美月,link,12
本田翼,トリンドル玲奈,link,849
本田翼,藤森慎吾,link,154
本田翼,百田夏菜子,link,12
本田翼,白石麻衣,link,222
本田翼,小松菜奈,link,11
本田翼,岡山天音,link,17
本田翼,木村拓哉,link,15
本田望結,鈴木福,link,112
前田敦子,福山雅治,link,24
前田敦子,柴咲コウ,link,91
前田敦子,大野いと,link,66
前田敦子,北乃きい,link,93
前田敦子,大泉洋,link,22
前田敦子,勝地涼,link,7281
前田敦子,南沢奈央,link,133
前田敦子,柄本時生,link,29
前田敦子,池松壮亮,link,78
前田敦子,大島優子,link,673
前田敦子,高畑充希,link,104
前田敦子,高橋みなみ,link,11
真木よう子,滝藤賢一,link,87
真木よう子,江口のりこ,link,209
真木よう子,安達祐実,link,58
真木よう子,伊藤沙莉,link,12
真木よう子,大久保佳代子,link,26
真木よう子,板谷由夏,link,63
真木よう子,綾瀬はるか,link,64
真木よう子,永作博美,link,59
真木よう子,木村カエラ,link,10
蒔田彩珠,南沙良,link,177
蒔田彩珠,清原果耶,link,89
蒔田彩珠,山口智子,link,22
蒔田彩珠,満島ひかり,link,40
松たか子,黒木華,link,93
松たか子,深津絵里,link,45
松たか子,市川團十郎_(13代目),link,153
松たか子,井上真央,link,23
松たか子,市川実日子,link,78
松たか子,木村拓哉,link,27
松井愛莉,三吉彩花,link,212
松井愛莉,朝比奈彩,link,26
松井愛莉,佐野ひなこ,link,33
松井愛莉,池田エライザ,link,80
松井愛莉,飯豊まりえ,link,53
松井愛莉,板垣瑞生,link,55
松井愛莉,古畑星夏,link,81
松井玲奈,生瀬勝久,link,16
松井玲奈,生駒里奈,link,84
松井玲奈,生田絵梨花,link,37
松井玲奈,二階堂ふみ,link,37
松井玲奈,柏木由紀,link,21
松井玲奈,大島優子,link,16
松岡茉優,伊藤沙莉,link,275
松岡茉優,橋本愛_(1996年生),link,158
松岡茉優,百田夏菜子,link,210
松岡茉優,八嶋智人,link,71
松岡茉優,朝日奈央,link,133
松風理咲,黒木華,link,15
松坂慶子,草刈正雄,link,14
松下奈緒,山口智子,link,21
松下奈緒,安藤サクラ,link,14
松下由樹,富田靖子,link,154
松嶋菜々子,福山雅治,link,12
松嶋菜々子,水野真紀,link,77
松嶋菜々子,唐沢寿明,link,25
松嶋菜々子,井上真央,link,19
松嶋菜々子,反町隆史,link,4628
松嶋尚美,笑福亭鶴瓶,link,21
松島花,秋元梢,link,156
松田聖子,神田正輝,link,515
松田聖子,松本伊代,link,19
松田聖子,郷ひろみ,link,274
松本伊代,ヒロミ,link,2348
松本穂香,永山瑛太,link,20
松本穂香,寺田心,link,61
松本穂香,玉城ティナ,link,26
松本穂香,有村架純,link,146
松本まりか,栗山千明,link,325
松本まりか,吉岡里帆,link,250
松本まりか,宮﨑あおい,link,245
松本まりか,ベッキー,link,135
松本まりか,石原さとみ,link,348
松雪泰子,宮沢りえ,link,78
松雪泰子,黒木華,link,105
松雪泰子,室井滋,link,40
眞鍋かをり,紗栄子,link,20
真矢ミキ,大地真央,link,87
真矢ミキ,黒木瞳,link,197
萬田久子,名取裕子,link,15
見上愛,佐藤大樹_(ダンサー),link,36
見上愛,志尊淳,link,43
見上愛,長澤まさみ,link,84
水川あさみ,安達祐実,link,78
水川あさみ,宮沢りえ,link,95
水川あさみ,榮倉奈々,link,157
水川あさみ,長澤まさみ,link,151
水川あさみ,堂本剛,link,64
水川あさみ,戸田恵梨香,link,211
水川あさみ,窪田正孝,link,5774
水谷果穂,大友花恋,link,95
水谷果穂,井上真央,link,15
水野真紀,水野美紀,link,129
水野美紀,水野真紀,link,285
水野美紀,唐沢寿明,link,22
光浦靖子,土田晃之,link,23
光浦靖子,大久保佳代子,link,1285
光浦靖子,的場浩司,link,20
観月ありさ,阿部サダヲ,link,11
観月ありさ,谷原章介,link,20
観月ありさ,宮沢りえ,link,79
観月ありさ,蛯原友里,link,37
観月ありさ,香取慎吾,link,28
観月ありさ,島崎和歌子,link,112
観月ありさ,宇賀なつみ,link,115
観月ありさ,松下由樹,link,65
観月ありさ,松嶋菜々子,link,75
観月ありさ,杏_(女優),link,26
観月ありさ,仲間由紀恵,link,28
満島ひかり,マツコ・デラックス,link,33
満島ひかり,蒼井優,link,69
満島ひかり,芦田愛菜,link,17
満島ひかり,宮﨑あおい,link,49
満島ひかり,蒔田彩珠,link,27
満島ひかり,内田有紀,link,52
満島ひかり,安藤サクラ,link,208
満島ひかり,満島真之介,link,2509
満島ひかり,山田優_(モデル),link,88
南果歩,渡辺謙,link,862
南沙良,平手友梨奈,link,187
南沙良,二階堂ふみ,link,35
南沙良,蒔田彩珠,link,124
南沙良,新垣結衣,link,106
南沙良,鈴鹿央士,link,47
南沙良,満島ひかり,link,36
南沙良,河合優実,link,11
南野陽子,中山美穂,link,76
南野陽子,斉藤由貴,link,31
南野陽子,薬師丸ひろ子,link,45
宮﨑あおい,栗山千明,link,85
宮﨑あおい,波瑠,link,50
宮﨑あおい,ベッキー,link,39
宮﨑あおい,満島ひかり,link,295
宮﨑あおい,岡田准一,link,4241
宮﨑あおい,松本まりか,link,108
宮崎美子,高島礼子,link,10
宮崎美子,竹下景子,link,29
宮澤エマ,DAIGO,link,683
宮沢りえ,天海祐希,link,79
宮沢りえ,ビートたけし,link,14
宮沢りえ,笑福亭鶴瓶,link,12
宮沢りえ,井川遥,link,83
宮沢りえ,観月ありさ,link,84
宮沢りえ,鈴木京香,link,82
宮沢りえ,桃井かおり,link,69
宮沢りえ,水川あさみ,link,112
宮本信子,永作博美,link,13
宮本茉由,高橋メアリージュン,link,41
三吉彩花,山田孝之,link,17
三吉彩花,大友花恋,link,53
三吉彩花,中条あやみ,link,110
三吉彩花,松井愛莉,link,151
三吉彩花,白石麻衣,link,39
村上佳菜子,浅田舞,link,31
村上佳菜子,浅田真央,link,59
村上知子,優香,link,16
村上知子,大島美幸,link,479
村上知子,黒沢かずこ,link,344
村上知子,光浦靖子,link,17
村上知子,MEGUMI,link,45
室井滋,余貴美子,link,102
室井滋,永作博美,link,46
室井滋,小林聡美,link,215
室井滋,内藤剛志,link,63
MEGUMI,村上知子,link,132
MEGUMI,はるな愛,link,127
MEGUMI,磯山さやか,link,160
本仮屋ユイカ,優香,link,170
桃井かおり,宮沢りえ,link,31
桃井かおり,清水ミチコ,link,11
百田夏菜子,柴咲コウ,link,12
百田夏菜子,松岡茉優,link,36
百田夏菜子,朝日奈央,link,28
百田夏菜子,永野芽郁,link,17
森泉,森星,link,1145
森七菜,松村北斗,link,26
森七菜,奥平大兼,link,70
森七菜,出口夏希,link,97
森七菜,神尾楓珠,link,59
森七菜,杉咲花,link,128
森七菜,二階堂ふみ,link,80
森七菜,満島ひかり,link,59
森七菜,黒島結菜,link,73
森七菜,広瀬すず,link,185
森星,森泉,link,855
森尾由美,磯野貴理子,link,14
森川葵,三吉彩花,link,128
森川葵,山本舞香,link,46
森川葵,秋田汐梨,link,10
森川葵,浜辺美波,link,91
森川葵,蒼井優,link,52
森川葵,島崎遥香,link,42
森川葵,菅田将暉,link,16
森川葵,黒島結菜,link,144
森川葵,有村架純,link,62
森川葵,高畑充希,link,81
森川葵,佐藤寛太,link,11
森口瑤子,水谷豊,link,16
森口瑤子,木梨憲武,link,27
森高千里,江口洋介,link,3344
八木莉可子,山田杏奈,link,25
八木莉可子,水原希子,link,28
薬師丸ひろ子,原田知世,link,74
安めぐみ,リリー・フランキー,link,12
安田成美,佐藤浩市,link,42
安田成美,木梨憲武,link,1438
安田美沙子,坂下千里子,link,81
安田美沙子,臼田あさ美,link,39
安田美沙子,城田優,link,101
矢田亜希子,ビートたけし,link,11
矢田亜希子,大竹しのぶ,link,29
箭内夢菜,横田真悠,link,29
柳原可奈子,松嶋尚美,link,21
柳原可奈子,林修,link,20
柳原可奈子,貫地谷しほり,link,16
矢作穂香,古川雄輝,link,217
山口紗弥加,鈴木保奈美,link,33
山口紗弥加,大島美幸,link,21
山口紗弥加,ともさかりえ,link,78
山口智子,唐沢寿明,link,1836
山口智子,木村拓哉,link,22
山口智子,松嶋菜々子,link,18
山口まゆ_(女優),山田杏奈,link,14
山口まゆ_(女優),吉瀬美智子,link,11
山口まゆ_(女優),井上真央,link,34
山口まゆ_(女優),戸田恵梨香,link,11
山口まゆ_(女優),山口紗弥加,link,25
山口まゆ_(女優),有村架純,link,16
山崎静代,相葉雅紀,link,14
山崎静代,山里亮太,link,681
山崎紘菜,長澤まさみ,link,48
山下美月,山本美月,link,293
山下美月,与田祐希,link,24
山下美月,西野七瀬,link,183
山下美月,若月佑美,link,92
山下美月,生田絵梨花,link,68
山下美月,板谷由夏,link,11
山下美月,萩原利久,link,57
山下美月,細田佳央太,link,16
山下美月,齋藤飛鳥,link,146
山下美月,大島優子,link,11
山田杏奈,奥平大兼,link,35
山田杏奈,八木莉可子,link,37
山田杏奈,佐野勇斗,link,21
山田杏奈,満島ひかり,link,48
山田杏奈,眞栄田郷敦,link,31
山田杏奈,山口まゆ_(女優),link,65
山田杏奈,鈴木仁_(俳優),link,26
山田優_(モデル),小栗旬,link,1134
山本舞香,栗山千明,link,248
山本舞香,松岡昌宏,link,145
山本舞香,波瑠,link,325
山本舞香,マツコ・デラックス,link,52
山本舞香,成海璃子,link,141
山本舞香,飯豊まりえ,link,307
山本舞香,瀧本美織,link,238
山本舞香,仲野太賀,link,14
山本美月,高橋メアリージュン,link,20
山本美月,波瑠,link,136
山本美月,山下美月,link,328
山本美月,堀田茜,link,32
山本美月,瀬戸康史,link,4758
山本美月,役所広司,link,57
YOU_(タレント),藤井隆,link,12
YOU_(タレント),佐藤隆太,link,16
YOU_(タレント),ともさかりえ,link,17
YOU_(タレント),柳楽優弥,link,49
優香,山崎静代,link,16
優香,関根勤,link,11
優香,青木崇高,link,2194
優香,藤原竜也,link,52
優香,内田有紀,link,18
ゆりやんレトリィバァ,ガンバレルーヤ,link,184
ゆりやんレトリィバァ,友近,link,81
横澤夏子,滝藤賢一,link,85
横澤夏子,タカアンドトシ,link,18
横田真悠,紺野彩夏,link,55
横田真悠,久保田紗友,link,357
横田真悠,大原櫻子,link,60
横田真悠,大友花恋,link,668
横田真悠,箭内夢菜,link,344
横田真悠,永野芽郁,link,573
横田真悠,古畑星夏,link,565
吉岡里帆,波瑠,link,39
吉岡里帆,伊藤沙莉,link,80
吉岡里帆,芳根京子,link,105
吉岡里帆,松本まりか,link,16
吉岡里帆,役所広司,link,27
吉川愛,伊藤あさひ,link,17
吉川愛,水谷果穂,link,31
吉川愛,深田恭子,link,43
吉川愛,大友花恋,link,117
吉川愛,綾瀬はるか,link,32
吉川愛,板垣李光人,link,14
吉川愛,桜田ひより,link,31
吉田美月喜,常盤貴子,link,11
吉田羊,中井貴一,link,27
吉田羊,松田聖子,link,19
吉田羊,大久保佳代子,link,221
吉田羊,光石研,link,241
吉田羊,西島秀俊,link,78
吉田羊,奈緒,link,11
吉田羊,鈴木梨央,link,57
吉高由里子,柴咲コウ,link,318
吉高由里子,近藤春菜,link,159
吉高由里子,横浜流星,link,22
吉高由里子,清原果耶,link,166
吉高由里子,永作博美,link,397
吉高由里子,上野樹里,link,98
吉高由里子,杏_(女優),link,99
吉谷彩子,藤田ニコル,link,35
吉谷彩子,木村文乃,link,16
吉谷彩子,赤楚衛二,link,12
吉谷彩子,川栄李奈,link,56
吉谷彩子,井之脇海,link,702
吉永小百合,三浦友和,link,58
吉永小百合,タモリ,link,32
吉永小百合,和田アキ子,link,13
芳根京子,伊藤沙莉,link,130
芳根京子,篠原涼子,link,24
芳根京子,佐久間由衣,link,134
芳根京子,土屋太鳳,link,76
芳根京子,仲間由紀恵,link,16
与田祐希,西野七瀬,link,96
与田祐希,生田絵梨花,link,64
米倉涼子,天海祐希,link,404
米倉涼子,松岡昌宏,link,476
米倉涼子,市川團十郎_(13代目),link,86
RIKACO,森尾由美,link,14
RIKACO,石橋貴明,link,14
RIKACO,哀川翔,link,19
RIKACO,渡部篤郎,link,572
りょう_(女優),設楽統,link,29
りょう_(女優),福士蒼汰,link,23
遼河はるひ,紺野まひる,link,732
LiLiCo,中川翔子,link,91
蓮佛美沙子,新垣結衣,link,156
ローラ_(モデル),きゃりーぱみゅぱみゅ,link,16
ローラ_(モデル),綾瀬はるか,link,13
ローラ_(モデル),ベッキー,link,20
ローラ_(モデル),益若つばさ,link,21
若月佑美,山下美月,link,46
若月佑美,白石麻衣,link,18
若月佑美,川島海荷,link,31
若月佑美,橋本環奈,link,16
若村麻由美,杉咲花,link,14
和久井映見,石原さとみ,link,11
和田アキ子,ビートたけし,link,26
和田アキ子,有吉弘行,link,10
和田アキ子,出川哲朗,link,34
和田アキ子,陣内孝則,link,11
和田アキ子,高田純次,link,13
和田アキ子,タモリ,link,70
和田アキ子,ベッキー,link,18
和田アキ子,明石家さんま,link,21
和田アキ子,カンニング竹山,link,84
和田アキ子,勝俣州和,link,26
渡辺えり,宇梶剛士,link,96
渡辺直美,今田耕司,link,10
渡辺直美,ぺこぱ,link,24
渡辺直美,岡村隆史,link,29
渡辺直美,チョコレートプラネット,link,17
渡辺真起子,池脇千鶴,link,10
渡辺真起子,蒼井優,link,33
渡辺満里奈,堀内健,link,15
渡辺満里奈,タモリ,link,13
渡辺満里奈,名倉潤,link,605
渡辺満里奈,木梨憲武,link,10
渡辺満里奈,原田泰造,link,21
阿佐ヶ谷姉妹,設楽統,link,39
阿佐ヶ谷姉妹,有吉弘行,link,78
阿佐ヶ谷姉妹,劇団ひとり,link,32
阿佐ヶ谷姉妹,横澤夏子,link,28
阿佐ヶ谷姉妹,小籔千豊,link,39
ガンバレルーヤ,天海祐希,link,10
ガンバレルーヤ,ゆりやんレトリィバァ,link,78
ガンバレルーヤ,イモトアヤコ,link,125
ガンバレルーヤ,多部未華子,link,46
ガンバレルーヤ,小雪_(女優),link,29
ガンバレルーヤ,安田顕,link,117
ガンバレルーヤ,内村光良,link,17
3時のヒロイン,ミキ_(お笑いコンビ),link,10
3時のヒロイン,ゆりやんレトリィバァ,link,233
3時のヒロイン,フワちゃん,link,34
3時のヒロイン,松本人志,link,10
3時のヒロイン,ぼる塾,link,260
3時のヒロイン,二宮和也,link,19
ぼる塾,亀梨和也,link,47
ぼる塾,平手友梨奈,link,410
ぼる塾,3時のヒロイン,link,197
ぼる塾,益若つばさ,link,66
